Id,Second highest; using 20k data; LR; and setting threshold based on RA or SPL.,Highest; using RA only
1,0.484501388,0
2,0.554807485,0.0000105
3,0.484501391,0
4,0.935857575,0.000464801
5,0.617584694,0.0000888
6,0.637670624,0.000654735
7,0.506982375,0.00000023
8,0.569774262,0.0000249
9,0.528880813,0.000000122
10,0.484501457,0
11,0.668184962,0.000000382
12,0.586942087,0.00000696
13,0.484500852,0
14,0.556008676,0.000000811
15,0.532179619,0.000255441
16,0.484499689,0
17,0.505776526,0.0000173
18,0.484501431,0
19,0.495783491,1.87E-08
20,0.974797205,0.000196958
21,0.484501388,0
22,0.4844998,0
23,0.484501393,0
24,0.516827374,0.0000186
25,0.484501319,0
26,0.546206438,0.0000406
27,0.484501427,0
28,0.745105722,0.000141917
29,0.576783138,0.0000161
30,0.600235125,0.0000728
31,0.484472389,0
32,0.484501419,0
33,0.496163609,0.00000271
34,1,0.002019766
35,0.484498762,0
36,0.537698914,0.0000213
37,0.484501456,0
38,0.484500613,0
39,0.484501237,0
40,0.484500332,0
41,0.499583942,0.00000642
42,0.591450286,0.0000602
43,0.484501395,0
44,0.484501269,0
45,0.570959039,0.0000043
46,0.531161602,0.000000163
47,0.484500645,0
48,0.487443624,0.00000163
49,0.999713637,0.000343291
50,0.533981175,0.0000413
51,0.727214099,0.0000412
52,0.687933411,0.000013
53,0.525111014,0.00000219
54,0.558994206,0.000056
55,0.484501426,0
56,0.597930866,0.0000235
57,0.497140903,0.000000159
58,0.484501447,0
59,0.655589402,0.0000233
60,0.540024479,0.0000119
61,0.761926064,0.0000885
62,0.484501447,0
63,0.680580037,0.0000445
64,0.484498256,0
65,0.484501349,0
66,0.491083352,0.000000134
67,0.618489919,0.00000715
68,0.484501374,0
69,0.54992371,0.00000304
70,0.6437167,0.000000293
71,0.484501101,0
72,0.570100766,0.000296882
73,0.484496897,0
74,0.564986521,0.00000242
75,0.489366593,0.000189886
76,0.550918419,0.00000483
77,0.542046525,0.006802387
78,0.529777885,0.037477456
79,0.734823156,0.000140756
80,0.695835916,0.000219009
81,0.553339798,0.000000231
82,0.75897299,0.0000554
83,0.496681378,0.000000362
84,0.484501332,0
85,0.484501322,0
86,0.484501427,0
87,0.484501371,0
88,0.981103062,0.015436328
89,0.926890364,0.005958539
90,0.484500285,0
91,0.484500366,0
92,0.484501451,0
93,0.484500644,0
94,0.676710711,0.000157271
95,0.625696614,0.00000594
96,0.484501291,0
97,0.626903131,0.00816207
98,0.484501117,0
99,0.484501311,0
100,0.484501382,0
101,0.484501457,0
102,0.484501427,0
103,0.52326188,0.0000394
104,0.484501433,0
105,0.516676963,0.0000432
106,0.544405524,0.003032898
107,0.484501452,0
108,0.499396467,0.0000253
109,0.484501099,0
110,0.484501445,0
111,0.484500896,0
112,0.513184467,0.00000501
113,0.550890547,0.000000695
114,0.484494513,0
115,0.593518806,0.0000547
116,0.48450144,0
117,0.65372294,0.000757824
118,0.484500158,0
119,0.484501414,0
120,0.484501337,0
121,0.688636348,0.0000124
122,0.534323487,0.0000338
123,0.99955095,0.001912891
124,0.813253656,0.0000475
125,0.961563019,0.000109047
126,0.484501244,0
127,0.500200422,0.00000199
128,0.484501458,0
129,0.484501374,0
130,0.533166548,0.00000165
131,0.48450146,0
132,0.595074366,0.0000159
133,0.506978678,0.000000166
134,0.484501391,0
135,0.484500945,0
136,0.675413692,0.0000787
137,0.484501399,0
138,0.543921871,0.000285006
139,0.528639085,0.0000246
140,0.484501116,0
141,0.484501198,0
142,0.490646295,0.000000119
143,0.484501462,0
144,0.484500376,0
145,0.487619293,0.00000024
146,0.62566109,0.0000212
147,0.484501376,0
148,0.531827482,0.002892755
149,0.538362613,0.00000263
150,0.501246967,0.000000726
151,0.484501165,0
152,0.530108232,0.0000561
153,0.594871846,0.0000421
154,0.607512629,0.000649281
155,0.484500766,0
156,0.493452639,0.000000248
157,0.654617933,0.00000544
158,0.484501269,0
159,0.484501436,0
160,0.484501346,0
161,0.542948954,0.0000103
162,0.925099932,0.001155508
163,0.484501427,0
164,0.484501371,0
165,0.484499454,0
166,0.67124513,0.0000155
167,0.484499355,0
168,0.753718342,0.000212691
169,0.642399113,0.0000112
170,0.48450146,0
171,0.733851903,0.00000441
172,0.899740547,0.000855391
173,0.640798833,0.0000296
174,0.75558907,0.00000339
175,0.552318525,0.0000822
176,0.484501289,0
177,0.515276021,0.0000617
178,0.59222754,0.000193761
179,0.484500313,0
180,0.521823371,3.83E-08
181,0.484501141,0
182,0.534905797,0.00000144
183,0.538866915,1.87E-08
184,0.99977096,0.000149752
185,0.599860138,0.0000762
186,0.550595401,0.000353613
187,0.484501346,0
188,0.484500369,0
189,0.539083631,0.000000609
190,0.526264248,1.87E-08
191,0.652338949,0.002168005
192,0.484501457,0
193,0.510395153,0.00000732
194,0.493615458,0.000000884
195,0.484501376,0
196,0.484501455,0
197,0.492266752,0.000000233
198,0.867979635,0.000425984
199,0.484501465,0
200,0.521589949,0.000000163
201,0.498885978,0.0000591
202,0.503559189,0.00000329
203,0.484500682,0
204,0.51729516,0.00000087
205,0.484497947,0
206,0.637106456,0.00003
207,0.614938107,0.000012
208,0.537602357,0.000000779
209,0.484497477,0
210,0.885815006,0.004361658
211,0.484501463,0
212,0.48449912,0
213,0.484501342,0
214,0.499951092,3.83E-08
215,0.543479342,0.0000206
216,0.675411719,0.000077
217,0.484499862,0
218,0.578938045,0.000396426
219,0.77234525,0.0000538
220,0.484501064,0
221,0.576918453,0.0000725
222,0.56800275,0.000000415
223,0.643215526,0.000168142
224,0.529841821,0.001923478
225,0.542956696,0.000177557
226,0.496167522,0.002114532
227,0.993876642,0.002868196
228,0.920482248,0.007205378
229,0.519427439,0.000000831
230,0.484500409,0
231,0.586003563,0.000202399
232,0.502492498,0.00000485
233,0.484501462,0
234,0.784564375,0.000867367
235,0.5220997,0.000000475
236,0.484501391,0
237,0.484501366,0
238,0.938638448,0.004055792
239,0.484490498,0
240,0.484501201,0
241,0.484501093,0
242,0.484487871,0
243,0.549677748,0.001363505
244,0.484480104,0
245,0.976753033,0.000667872
246,0.627365251,0.000000588
247,0.850421082,0.018563979
248,0.974843709,0.000529475
249,0.484501438,0
250,0.484501408,0
251,0.495984121,0.0000155
252,0.663890894,0.000445322
253,0.484501453,0
254,0.484501218,0
255,0.502681144,0.000000981
256,0.500634503,0.0000985
257,0.484500394,0
258,0.484500481,0
259,0.484500387,0
260,0.484501409,0
261,0.529056499,0.0000293
262,0.990060036,0.001203857
263,0.49288529,0.00000169
264,0.709723969,0.0000868
265,0.551349273,0.0000493
266,0.492907429,1.87E-08
267,0.8537589,0.000293328
268,0.484859233,0.000192591
269,0.533483105,0.0000014
270,0.484501399,0
271,0.617415213,0.0000297
272,0.542819599,0.000000689
273,0.633472609,0.00000417
274,0.484500925,0
275,0.676060302,0.000127305
276,0.500350095,0.00012799
277,0.859935908,0.000163785
278,0.484501377,0
279,0.490790162,3.56E-08
280,0.484501295,0
281,0.529454754,1.87E-08
282,0.529102065,0.00000406
283,0.484501408,0
284,0.484501458,0
285,0.50175382,0.0000224
286,0.999999802,0.016148426
287,0.564443761,0.000135717
288,0.484501446,0
289,0.51219443,0.00000613
290,0.484500308,0
291,0.484501426,0
292,0.484501458,0
293,0.542791154,0.00000414
294,0.484501395,0
295,0.484501465,0
296,0.541985743,0.000000627
297,0.875427232,0.002565001
298,0.484501468,0
299,0.484501447,0
300,0.69170881,0.0000766
301,0.78049697,0.000105624
302,0.964062494,0.001293302
303,0.484495711,0
304,0.524497404,0.000000163
305,0.484470156,0
306,0.484498972,0
307,0.5180888,0.000000454
308,0.497350882,0.0000364
309,0.493872785,0.00000243
310,0.517646912,3.56E-08
311,0.920755424,0.000697968
312,0.484501455,0
313,0.495179152,0.00000367
314,0.569659117,0.000000103
315,0.522393273,0.0000666
316,0.565907655,1.87E-08
317,0.48450001,0
318,0.504981461,0.000196821
319,0.484501428,0
320,0.605833382,0.0000883
321,0.484500568,0
322,0.653726528,0.0000114
323,0.484501465,0
324,0.48450134,0
325,0.597764677,0.000000631
326,0.508412615,0.0000569
327,0.929963722,0.004152139
328,0.48450105,0
329,0.503134276,0.00000862
330,0.484501454,0
331,0.484501133,0
332,0.484500981,0
333,0.484501332,0
334,0.662896339,0.000183929
335,0.487826247,1.87E-08
336,0.4845012,0
337,0.484501338,0
338,0.484501446,0
339,0.559576191,0.0000332
340,0.484501437,0
341,0.484501146,0
342,0.484498836,0
343,0.484501439,0
344,0.532139518,0.000024
345,0.508744161,0.000000237
346,0.484497477,0
347,0.512252444,0.0000114
348,0.484501459,0
349,0.484500392,0
350,0.625868399,0.0000272
351,0.48449702,0
352,0.484501135,0
353,0.502829102,0.0000411
354,0.511222685,1.87E-08
355,0.548167156,0.00000858
356,0.555996851,0.00000383
357,0.573245503,0.000000575
358,0.484499825,0
359,0.526701189,0.00000285
360,0.94399967,0.0000907
361,0.484501363,0
362,0.532693323,0.0000325
363,0.484498145,0
364,0.484493351,0
365,0.604306863,0.000117279
366,0.769950379,0.004555165
367,0.545245577,0.0000463
368,0.484500378,0
369,0.48450142,0
370,0.484501265,0
371,0.484499973,0
372,0.690170349,0.0000189
373,0.49489282,0.00000133
374,0.495237204,0.000000963
375,0.586203054,0.000000905
376,0.879569952,0.004200239
377,0.577467734,1.87E-08
378,0.641412409,0.0000925
379,0.484501458,0
380,0.484501443,0
381,0.484500552,0
382,0.531188084,0.00000136
383,0.48450136,0
384,0.503285279,0.00000195
385,0.518543411,1.87E-08
386,0.765239896,0.000045
387,0.484500892,0
388,0.608235803,0.0000308
389,0.484501427,0
390,0.573742005,0.0000145
391,0.534585489,0.0000825
392,0.522211201,0.000000163
393,0.484500477,0
394,0.559571733,0.0000416
395,0.99534407,0.067781007
396,0.48450123,0
397,0.970557945,0.000229504
398,0.484501462,0
399,0.540880224,0.000198746
400,0.917263522,0.001049682
401,0.484496514,0
402,0.551672684,0.00000014
403,0.581152012,0.001247686
404,0.484497008,0
405,0.484501322,0
406,0.612159923,0.000143742
407,0.597002811,0.000044
408,0.559713176,0.000239013
409,0.518265834,0.00000045
410,0.520179826,0.0000296
411,0.531491507,0.000021
412,0.484473722,0
413,0.484501453,0
414,0.484498009,0
415,0.485890698,0.00000201
416,0.484501212,0
417,0.568398519,0.0000901
418,0.484501462,0
419,0.484501446,0
420,0.484501298,0
421,0.972601087,0.0000596
422,0.484499886,0
423,0.986228984,0.003621174
424,0.484500877,0
425,0.522219759,0.00000027
426,0.95667652,0.002000538
427,0.998573782,0.000533319
428,0.57152192,5.43E-08
429,0.681787412,0.00000213
430,0.489818137,0.00000101
431,0.484501391,0
432,0.484500729,0
433,0.484501387,0
434,0.484501465,0
435,0.48450146,0
436,0.484501458,0
437,0.484501045,0
438,0.492793598,0.000062
439,0.592278937,0.00000636
440,0.614745455,0.000168099
441,0.894375793,0.000610346
442,0.484501462,0
443,0.484501015,0
444,0.976180028,0.003963416
445,0.484501434,0
446,0.515407206,0.000000479
447,0.484501352,0
448,0.992529912,0.005724922
449,0.484500792,0
450,0.484500096,0
451,0.812957155,0.005439406
452,0.634907917,0.0000237
453,0.96985847,0.06315101
454,0.484501311,0
455,0.69362115,0.000350505
456,0.533702387,0.00000171
457,0.743435104,0.0000449
458,0.48450137,0
459,0.658079247,0.000557339
460,0.610731402,0.0000167
461,0.484499886,0
462,0.525128323,0.00000194
463,0.532237298,0.0000119
464,0.499018125,0.000000237
465,0.973761258,0.007141284
466,0.537641512,6.35E-08
467,0.573741887,1.87E-08
468,0.48450134,0
469,0.484489744,0
470,0.868221634,0.000269107
471,0.484500466,0
472,0.546403911,0.00000825
473,0.484496736,0
474,0.484500699,0
475,0.987019467,0.003058031
476,0.48450138,0
477,0.708803128,0.000275887
478,0.496380686,0.0000261
479,0.872170061,0.0000805
480,0.560653352,0.0000105
481,0.563068675,0.000000255
482,0.592315844,0.000118764
483,0.549579587,0.0000218
484,0.484500962,0
485,0.560877152,1.87E-08
486,0.601325249,0.00000165
487,0.583266971,0.000457897
488,0.950377751,0.008070303
489,0.597988069,0.00000151
490,0.5081767,0.0000827
491,0.619132931,0.000321995
492,0.484500679,0
493,0.684115817,0.0000344
494,0.484496996,0
495,0.931135688,0.000152869
496,0.484501286,0
497,0.484499985,0
498,0.484501455,0
499,0.484501335,0
500,0.484501378,0
501,0.99887406,0.004167033
502,0.484501332,0
503,0.484501186,0
504,0.560102023,0.000280653
505,0.923556714,0.000988659
506,0.484497663,0
507,0.498942351,1.87E-08
508,0.574481358,0.000000163
509,0.484501402,0
510,0.484500362,0
511,0.484501404,0
512,0.711216067,0.00000977
513,0.484501464,0
514,0.493463151,3.56E-08
515,0.605137751,0.000137853
516,0.484501438,0
517,0.484500693,0
518,0.997277148,0.002688415
519,0.545081742,0.00017593
520,0.48450137,0
521,0.484501087,0
522,0.614285024,0.0000248
523,0.490634528,0.000000406
524,0.584131853,0.000000103
525,0.533889491,0.000110203
526,0.999999992,0.006803617
527,0.484501459,0
528,0.608220118,0.0000257
529,0.950713906,0.009214921
530,0.485240248,3.56E-08
531,0.563820417,0.00000777
532,0.685360548,0.0000919
533,0.611112392,0.000015
534,0.484501467,0
535,0.484501419,0
536,0.582347297,0.00000412
537,0.537969041,0.0000299
538,0.805839254,0.002713234
539,0.669656545,0.000137195
540,0.484399466,0
541,0.484501425,0
542,0.484501453,0
543,0.998590919,0.021293764
544,0.888098422,0.001463059
545,0.538420489,0.00000589
546,0.484500393,0
547,0.507437079,0.000000355
548,0.617220916,0.0000584
549,0.510933219,0.000000234
550,0.498301532,0.000000547
551,0.583723739,0.0000184
552,0.801188947,0.003337349
553,0.484500305,0
554,0.484501271,0
555,0.966753495,0.005086274
556,0.680062193,0.0000966
557,0.484501458,0
558,0.484501342,0
559,0.606791249,0.005051261
560,0.693747186,0.001194546
561,0.484500022,0
562,0.484501104,0
563,0.655830191,0.000116913
564,0.515642945,0.00000648
565,0.664054167,0.000198964
566,0.484500757,0
567,0.985793414,0.008075532
568,0.577773165,0.0000689
569,0.484499936,0
570,0.484500908,0
571,0.950887494,0.003263151
572,0.588212022,0.0000241
573,0.511438614,0.00000244
574,0.51424316,0.000000163
575,0.499790366,0.00000113
576,0.484501264,0
577,0.691969676,0.000469378
578,0.54711333,0.0000442
579,0.59439909,0.0000253
580,0.484500987,0
581,0.879506627,0.000646717
582,0.487183268,0.000000545
583,0.623514139,0.00000174
584,0.738086676,0.006253283
585,0.517626881,0.0000067
586,0.484500813,0
587,0.551627524,0.000122767
588,0.808015613,0.000653456
589,0.48450144,0
590,0.737691425,0.093928107
591,0.484498515,0
592,0.484499615,0
593,0.692851756,0.000112203
594,0.519900619,0.0000229
595,0.89895463,0.000284574
596,0.484501456,0
597,0.552861945,0.000000381
598,0.484500956,0
599,0.48450081,0
600,0.67069795,0.0000984
601,0.484492005,0
602,0.484501276,0
603,0.581014482,0.00000307
604,0.968036547,0.001044551
605,0.484492968,0
606,0.514659354,0.00000729
607,0.53862325,0.000000163
608,0.484500427,0
609,0.648309308,0.000469529
610,0.495800387,0.0000548
611,0.647394585,0.0000231
612,0.888415347,0.000309326
613,0.48450144,0
614,0.484501289,0
615,0.484498367,0
616,0.556567292,0.000000431
617,0.484499491,0
618,0.484501434,0
619,0.48450142,0
620,0.726351346,0.000299861
621,0.48449891,0
622,0.551739381,0.00000764
623,0.59394063,0.000000575
624,0.484501467,0
625,0.60717653,0.00000628
626,0.661574993,0.000241298
627,0.484501344,0
628,0.536827729,0.00000574
629,0.502982787,0.000000207
630,0.492237655,0.000000255
631,0.484501399,0
632,0.548859087,0.00000168
633,0.976578793,0.000150451
634,0.488587663,3.56E-08
635,0.632970222,1.87E-08
636,0.484501445,0
637,0.567859826,0.000470663
638,0.48450096,0
639,0.890074729,0.001021901
640,0.549730025,0.0000367
641,0.557037864,0.0000288
642,0.529339049,0.000000334
643,0.484501326,0
644,0.854671896,0.000225636
645,0.530017198,9.07E-08
646,0.601278775,0.004312891
647,0.484500308,0
648,0.484492141,0
649,0.500004244,0.0000376
650,0.540224331,0.00000374
651,0.484487047,0
652,0.484501408,0
653,0.484501358,0
654,0.484501362,0
655,0.484501111,0
656,0.484501335,0
657,0.484500195,0
658,0.498983385,0.00000409
659,0.535010224,0.00000115
660,0.484501442,0
661,0.771610046,0.00111915
662,0.633051732,0.00000814
663,0.484501441,0
664,0.484500747,0
665,0.484501447,0
666,0.89719425,0.002753544
667,0.645795856,0.0000419
668,0.523694429,0.000014
669,0.48449051,0
670,0.49681802,0.000000406
671,0.484501282,0
672,0.729828009,0.000164065
673,0.48450129,0
674,0.997629253,0.015335998
675,0.548213866,0.000000144
676,0.823671313,0.0000543
677,0.484501452,0
678,0.522972962,3.83E-08
679,0.484501458,0
680,0.484498898,0
681,0.484501265,0
682,0.484501057,0
683,0.690129358,0.0000288
684,0.484501362,0
685,0.48450041,0
686,0.484500894,0
687,0.484500899,0
688,0.5647765,0.00000114
689,0.484500195,0
690,0.484500367,0
691,0.486560779,0.00017711
692,0.587564341,0.000031
693,0.82442021,0.000432753
694,0.484494513,0
695,0.544046525,0.00000133
696,0.484501366,0
697,0.484500993,0
698,0.484500896,0
699,0.60550592,0.00000396
700,0.484501328,0
701,0.786504668,0.000182446
702,0.496741128,0.000000942
703,0.484501388,0
704,0.484495847,0
705,0.996570753,0.003276994
706,0.512101797,0.0000118
707,0.778697053,0.0000396
708,0.755446668,0.001525183
709,0.613264645,0.0000007
710,0.484501376,0
711,0.493379553,0.000138353
712,0.489167088,0.000000163
713,0.484501452,0
714,0.514344477,0.0000248
715,0.484500146,0
716,0.484501459,0
717,0.637892781,0.000119525
718,0.484500967,0
719,0.688171416,0.0000395
720,0.484449975,0
721,0.487548922,0.00000977
722,0.999997713,0.00387165
723,0.484501106,0
724,0.504668459,1.87E-08
725,0.744458329,0.000228782
726,0.900655888,0.001825247
727,0.564564016,0.000000572
728,0.58901118,0.0000189
729,0.494361698,0.00000578
730,0.518874878,0.0000481
731,0.738613079,0.002052843
732,0.484501395,0
733,0.484499009,0
734,0.484501358,0
735,0.484501393,0
736,0.949310918,0.007487177
737,0.484498478,0
738,0.601524373,0.0000619
739,0.484501149,0
740,0.596998665,0.00000445
741,0.502782664,0.00000972
742,0.995579535,0.011532667
743,0.958556838,0.001535282
744,0.484501442,0
745,0.489013183,0.000890664
746,0.500432757,1.87E-08
747,0.810678369,0.000472833
748,0.484501284,0
749,0.682486454,0.00000256
750,0.484501232,0
751,0.684363468,0.00000162
752,0.999754079,0.001870723
753,0.484501077,0
754,0.484501411,0
755,0.485021465,0.000625743
756,0.484501465,0
757,0.639923801,0.001133346
758,0.569668458,0.000000879
759,0.484500878,0
760,0.484501384,0
761,0.484501066,0
762,0.613195703,0.000098
763,0.998755765,0.002356361
764,0.501953869,0.00000478
765,0.484501465,0
766,0.484501024,0
767,0.529339895,0.00000373
768,0.484500763,0
769,0.767359821,0.000166392
770,0.484501354,0
771,0.497876336,0.00000149
772,0.484501302,0
773,0.742056637,0.0000259
774,0.484501451,0
775,0.484501364,0
776,0.633010629,0.000064
777,0.484501071,0
778,0.523601151,0.0000104
779,0.526388444,0.0000208
780,0.484500408,0
781,0.487659208,0.000000769
782,0.484499281,0
783,0.56063057,0.0000206
784,0.517180138,0.00000295
785,0.691978848,0.0000329
786,0.543385348,0.00000543
787,0.484501442,0
788,0.484501221,0
789,0.645324835,0.0000509
790,0.502295654,0.0000352
791,0.6248441,0.000102728
792,0.484500826,0
793,0.484501456,0
794,0.580617153,0.0000284
795,0.735133276,0.000430864
796,0.570301359,1.87E-08
797,0.49714565,0.00000411
798,0.527024002,0.0000153
799,0.714672505,0.000131415
800,0.508345366,0.00000584
801,0.484498416,0
802,0.492345895,0.00000711
803,0.491301403,0.0000913
804,0.530860309,0.0000452
805,0.524909543,0.0000539
806,0.865452449,0.007125159
807,0.484501462,0
808,0.566475658,0.000000138
809,0.512393035,0.0000766
810,0.518137329,9.26E-08
811,0.484501213,0
812,0.494932483,0.00000746
813,0.526904747,3.46E-08
814,0.496705484,0.00000741
815,0.708080698,0.000147067
816,0.488419661,0.010194522
817,0.693049612,0.00000901
818,0.484500234,0
819,0.484496279,0
820,0.484501175,0
821,0.484497972,0
822,0.782542514,0.000628555
823,0.484497527,0
824,0.4844998,0
825,0.636504164,0.00469949
826,0.484501369,0
827,0.551313106,0.00000294
828,0.48450142,0
829,0.560971381,0.0000105
830,0.714055735,0.002612954
831,0.484501378,0
832,0.603504673,0.0000329
833,0.599715362,0.0000446
834,0.484501356,0
835,0.484501416,0
836,0.690106747,0.001146168
837,0.484501388,0
838,0.508948075,0.00000121
839,0.52481098,0.0000014
840,0.484501436,0
841,0.534068193,0.000163317
842,0.484501175,0
843,0.991078827,0.004897629
844,0.521683232,0.0000169
845,0.48449791,0
846,0.677059811,0.0000246
847,0.508940965,0.001440741
848,0.548577595,0.00000012
849,0.535281882,0.000113218
850,0.484501466,0
851,0.484499405,0
852,0.484501259,0
853,0.484501219,0
854,0.484501327,0
855,0.52134391,0.001538447
856,0.524339851,3.83E-08
857,0.605674407,0.0000423
858,0.597686241,0.000170568
859,0.48449891,0
860,0.583266451,0.000225621
861,0.993708336,0.011939744
862,0.99926714,0.003944916
863,0.489539823,1.87E-08
864,0.484500561,0
865,0.484501158,0
866,0.655876045,0.0000165
867,0.484501445,0
868,0.484500733,0
869,0.484501459,0
870,0.593016436,0.0000146
871,0.54972781,0.0000688
872,0.609690521,0.00000036
873,0.746996241,0.000278773
874,0.576754655,0.000888683
875,0.562457582,0.0000397
876,0.610370316,0.0000332
877,0.484501441,0
878,0.511315393,0.000000424
879,0.551747637,0.00000966
880,0.946462041,0.000904708
881,0.49501299,0.000000103
882,0.858820483,0.00085298
883,0.563021195,0.0000192
884,0.484499429,0
885,0.484501412,0
886,0.523949315,0.000000491
887,0.504059879,0.00000372
888,0.58794366,0.0000281
889,0.619685611,0.000156779
890,0.6784574,0.000000491
891,0.648054451,0.000296018
892,0.729557497,0.0000383
893,0.484501343,0
894,0.484500882,0
895,0.484501417,0
896,0.484501419,0
897,0.484501444,0
898,0.506710658,0.000000224
899,0.631046397,0.0000185
900,0.484501379,0
901,0.487445652,0.0000057
902,0.852658551,0.000130737
903,0.758954397,0.0000894
904,0.484501043,0
905,0.484501408,0
906,0.622911816,0.000108672
907,0.549827931,0.000356258
908,0.484501085,0
909,0.484501451,0
910,0.750058011,0.001118968
911,0.484499133,0
912,0.530607198,0.000000951
913,0.689855124,0.000181199
914,0.484501359,0
915,0.635337594,0.000189428
916,0.484501384,0
917,0.866307735,0.000498072
918,0.515734104,0.000000144
919,0.692680588,0.0000338
920,0.484501298,0
921,0.986130883,0.042532431
922,0.484501394,0
923,0.484501057,0
924,0.484501418,0
925,0.999999989,1
926,0.484499948,0
927,0.484500236,0
928,0.493770048,0.000206105
929,0.647428089,0.009784831
930,0.518965132,0.00000117
931,0.517683277,0.000226384
932,0.484493425,0
933,0.681557169,0.000722655
934,0.484500158,0
935,0.607120581,0.0000328
936,0.950910398,0.000589429
937,0.710066957,0.00000469
938,0.776157966,0.000932467
939,0.999999102,0.012830298
940,0.484501362,0
941,0.484500072,0
942,0.48450145,0
943,0.484501456,0
944,0.515400092,0.000000424
945,0.484498935,0
946,0.78633619,0.0000421
947,0.498697856,0.0000902
948,0.935548105,0.001956898
949,0.98437671,0.001668125
950,0.519065859,1.87E-08
951,0.48450146,0
952,0.48450142,0
953,0.484501293,0
954,0.484501401,0
955,0.484501409,0
956,0.833347542,0.000394406
957,0.484501349,0
958,0.518644727,1.87E-08
959,0.506373205,0.000000144
960,0.808768705,0.00000859
961,0.671464273,0.000218813
962,0.484498243,0
963,0.996480166,0.000837242
964,0.530595344,0.000000494
965,0.886261917,0.001354735
966,0.484498206,0
967,0.484501326,0
968,0.986619395,0.000139809
969,0.484500699,0
970,0.698282426,0.031351876
971,0.499271214,0.000506617
972,0.48450086,0
973,0.560575871,0.0000587
974,0.486018936,1.87E-08
975,0.914247172,0.000212823
976,0.484501446,0
977,0.562884231,0.002979938
978,0.832431889,0.00861046
979,0.484498663,0
980,0.484501104,0
981,0.536816598,0.0000877
982,0.484501146,0
983,0.484484899,0
984,0.484501452,0
985,0.542779856,0.0000885
986,0.603386878,0.0000805
987,0.503949682,3.83E-08
988,0.556476306,0.0000538
989,0.661769005,0.0000811
990,0.484500843,0
991,0.527551177,1.87E-08
992,0.484498046,0
993,0.484501363,0
994,0.495154035,0.000000217
995,0.505685656,0.000000103
996,0.484501352,0
997,0.484501418,0
998,0.486959688,0.000000251
999,0.484501452,0
1000,0.880556017,0.0000677
1001,0.55978622,0.0000153
1002,0.484499615,0
1003,0.484501244,0
1004,0.56793376,0.00000724
1005,0.89889583,0.000155649
1006,0.839644557,0.009365316
1007,0.484501458,0
1008,0.652407192,0.000110899
1009,0.999919646,0.030243775
1010,0.502056898,0.00000203
1011,0.4845014,0
1012,0.484501448,0
1013,0.499222574,0.0000809
1014,0.996294129,0.003183809
1015,0.999996799,0.005095442
1016,0.530176321,0.0000564
1017,0.667354828,0.00010048
1018,0.602575975,0.000116258
1019,0.536977818,0.001101698
1020,0.560983536,0.000103935
1021,0.772789331,0.0000429
1022,0.734224619,0.0000107
1023,0.484498095,0
1024,0.73459783,0.000699809
1025,0.484501196,0
1026,0.484501024,0
1027,0.495543045,0.00000272
1028,0.484500252,0
1029,0.484501459,0
1030,0.630633272,0.000160627
1031,0.587809611,1.87E-08
1032,0.515803393,1.87E-08
1033,0.487712841,0.000000135
1034,0.561050838,0.000160497
1035,0.522069794,1.87E-08
1036,0.551270671,0.00000312
1037,0.484487058,0
1038,0.515642624,0.0000265
1039,0.549321685,0.000112891
1040,0.648082776,0.0000235
1041,0.708978715,0.0000343
1042,0.484501448,0
1043,0.484501445,0
1044,0.514386031,0.0000542
1045,0.531336164,0.0000111
1046,0.484501362,0
1047,0.484501452,0
1048,0.520634413,0.000000103
1049,0.484501324,0
1050,0.505726284,0.00000186
1051,0.484501442,0
1052,0.484497823,0
1053,0.484501289,0
1054,0.514619993,0.003453677
1055,0.601285577,0.000083
1056,0.532559818,0.000000103
1057,0.484501372,0
1058,0.484501419,0
1059,0.501167671,0.000000563
1060,0.577798345,0.0000176
1061,0.94235052,0.000194929
1062,0.484501426,0
1063,0.795969183,0.000774261
1064,0.805484266,0.002144964
1065,0.546925771,0.0000234
1066,0.484501436,0
1067,0.484500742,0
1068,0.499272735,0.0000144
1069,0.484500936,0
1070,0.484501256,0
1071,0.720240622,0.0000943
1072,0.59133837,0.0000613
1073,0.484497206,0
1074,0.484498886,0
1075,0.513295248,0.000191537
1076,0.484501424,0
1077,0.550088859,0.000000135
1078,0.484501398,0
1079,0.893402149,0.000288022
1080,0.484501392,0
1081,0.487419228,0.000000971
1082,0.484500299,0
1083,0.510945609,0.00000436
1084,0.539675901,1.87E-08
1085,0.484501081,0
1086,0.484490411,0
1087,0.841917642,0.001408378
1088,0.580307825,0.00000968
1089,0.539593147,0.000000346
1090,0.514255053,0.000000135
1091,0.484500022,0
1092,0.484501329,0
1093,0.484501463,0
1094,0.650709076,0.000201128
1095,0.553642868,0.0000127
1096,0.484501064,0
1097,0.48450146,0
1098,0.484500413,0
1099,0.637375743,0.000108902
1100,0.876984981,0.00015152
1101,0.791110659,0.000942592
1102,0.4845007,0
1103,0.484501167,0
1104,0.48450142,0
1105,0.722317711,0.00012717
1106,0.512319835,0.0000395
1107,0.559034166,0.000883233
1108,0.750510565,0.000244151
1109,0.48450143,0
1110,0.556369038,0.0000284
1111,0.523715544,0.002038858
1112,0.484501138,0
1113,0.936100522,0.002735793
1114,0.484501339,0
1115,0.484501335,0
1116,0.484501439,0
1117,0.593272333,0.000019
1118,0.600037237,0.0000419
1119,0.484501144,0
1120,0.573416076,0.000116515
1121,0.571648694,0.00000929
1122,0.484499899,0
1123,0.538855436,0.0000435
1124,0.654647591,0.00000327
1125,0.555312867,0.000000285
1126,0.484501366,0
1127,0.57796566,0.0000297
1128,0.484360493,0
1129,0.537647039,0.000000155
1130,0.825480064,0.000110468
1131,0.484501353,0
1132,0.516054333,0.000336043
1133,0.592007261,0.00000255
1134,0.591375828,0.0000318
1135,0.484501134,0
1136,0.48450128,0
1137,0.501163618,0.0000454
1138,0.484501406,0
1139,0.736141996,0.016043809
1140,0.484501414,0
1141,0.495485414,0.0000565
1142,0.519171398,1.87E-08
1143,1,0.001806966
1144,0.484501433,0
1145,0.484501356,0
1146,0.484497811,0
1147,0.511363808,0.000000144
1148,0.59301616,0.0000651
1149,0.48450116,0
1150,0.765975838,0.000102657
1151,0.694258847,0.000181327
1152,0.9549406,0.0000564
1153,0.545817903,0.000000255
1154,0.530883677,0.004953439
1155,0.501128609,0.000000775
1156,0.484499096,0
1157,0.50459827,3.56E-08
1158,0.867357645,0.000161618
1159,0.484501055,0
1160,0.484500909,0
1161,0.48450146,0
1162,0.628147451,0.00000634
1163,0.57343246,0.000259755
1164,0.999998349,0.00626982
1165,0.484497613,0
1166,0.484501172,0
1167,0.533332231,0.0000385
1168,0.521146208,0.0000498
1169,0.568253754,0.000108832
1170,0.484501096,0
1171,0.484501433,0
1172,0.484501394,0
1173,0.700762329,0.000162275
1174,0.484501403,0
1175,0.999957162,0.005100707
1176,0.484501146,0
1177,0.48450134,0
1178,0.769151073,0.00131659
1179,0.492886293,0.0000434
1180,0.589262503,0.0000237
1181,0.564287957,0.00000303
1182,0.484499145,0
1183,0.484500777,0
1184,0.484501426,0
1185,0.975638801,0.00255407
1186,0.484497514,0
1187,0.484501244,0
1188,0.751092532,0.000029
1189,0.606310726,0.0000659
1190,0.487638308,0.000000702
1191,0.999888258,0.007531044
1192,0.484501455,0
1193,0.484501436,0
1194,0.484501458,0
1195,0.678356246,0.0000243
1196,0.525983449,0.000000423
1197,0.484500324,0
1198,0.697473551,0.000492557
1199,0.497411969,8.12E-08
1200,0.484501445,0
1201,0.484499318,0
1202,0.584013022,0.00000464
1203,0.489888026,0.000062
1204,0.512752125,0.00000128
1205,0.486698429,0.000576117
1206,0.48450145,0
1207,0.63826811,0.00000962
1208,0.593879664,0.0000539
1209,0.610051935,0.00000165
1210,0.487608277,0.00000551
1211,0.484501284,0
1212,0.484501224,0
1213,0.658698197,0.005464746
1214,0.484499911,0
1215,0.659836117,0.000198685
1216,0.484501428,0
1217,0.48450131,0
1218,0.501906604,0.00000716
1219,0.484498009,0
1220,0.578255681,3.83E-08
1221,0.969762743,0.001337714
1222,0.484498367,0
1223,0.802608899,0.000489577
1224,0.953059729,0.001429416
1225,0.658795483,0.000256905
1226,0.48450143,0
1227,0.544609615,0.00000644
1228,0.52515001,0.000000667
1229,0.567359774,0.00000792
1230,0.816871683,1.87E-08
1231,0.484499775,0
1232,0.955139094,0.001112173
1233,0.536484985,0.0000315
1234,0.551637342,0.0000345
1235,0.48450118,0
1236,0.818419654,0.007288504
1237,0.537676701,0.0000128
1238,0.539729959,0.000000358
1239,0.916518958,0.000494267
1240,0.672267793,0.000708791
1241,0.484499602,0
1242,0.500565567,0.0000132
1243,0.597213971,0.000000163
1244,0.650146525,0.000120359
1245,0.610762514,0.000244717
1246,0.995457768,0.003092183
1247,0.484500714,0
1248,0.484499726,0
1249,0.49653412,0.000000135
1250,0.784644243,0.007876148
1251,0.484500896,0
1252,0.484501454,0
1253,0.519650323,0.00000588
1254,0.9959504,0.00713776
1255,0.548232402,0.0000329
1256,0.526431586,0.001364146
1257,0.484501384,0
1258,0.495792678,0.00000643
1259,0.484501442,0
1260,0.500655422,0.000000536
1261,0.484501462,0
1262,0.489952868,0.001135317
1263,0.484500962,0
1264,0.486685865,1.87E-08
1265,0.484500985,0
1266,0.860594256,0.0000722
1267,0.544837921,0.002919114
1268,0.501554334,0.000000028
1269,0.484501128,0
1270,0.875392071,0.001028158
1271,0.63961366,0.00000037
1272,0.498413619,0.000000252
1273,0.500006813,0.000000544
1274,0.484501354,0
1275,0.54700931,0.000000238
1276,0.995108802,0.008036207
1277,0.984325127,0.022786312
1278,0.533011675,0.00000149
1279,0.505991668,0.0000226
1280,0.484501406,0
1281,0.797480016,0.000687433
1282,0.558341507,1.87E-08
1283,0.509965325,0.00000322
1284,0.484501249,0
1285,0.484500872,0
1286,0.653943167,0.0000042
1287,0.594169961,0.0000152
1288,0.484501416,0
1289,0.484501451,0
1290,0.484501113,0
1291,0.593096091,0.000259084
1292,0.484501426,0
1293,0.563928998,0.00000114
1294,0.537964561,0.000127667
1295,0.484501433,0
1296,0.575773843,0.0000436
1297,0.69272234,0.0000741
1298,0.90419112,0.000861378
1299,0.484500755,0
1300,0.730589356,0.001177698
1301,0.484500889,0
1302,0.484501303,0
1303,0.527446089,0.00000277
1304,0.830447606,0.000438223
1305,0.484498367,0
1306,0.510517964,0.00000788
1307,0.484501429,0
1308,0.990538744,0.000862734
1309,0.484501453,0
1310,0.571137422,0.0000103
1311,0.882845603,0.0000773
1312,0.484500339,0
1313,0.484501388,0
1314,0.497971935,0.00000493
1315,0.484496959,0
1316,0.805389427,0.000232332
1317,0.537253778,0.00000653
1318,0.484501372,0
1319,0.514082294,3.46E-08
1320,0.768655005,0.0000965
1321,0.484501462,0
1322,0.999981619,0.054641248
1323,0.484501466,0
1324,0.48449849,0
1325,0.484501371,0
1326,0.887737073,0.0000926
1327,0.962722422,0.000327054
1328,0.484501328,0
1329,0.494687559,0.0000308
1330,0.574723462,0.001374624
1331,0.484501326,0
1332,0.484501232,0
1333,0.484501428,0
1334,0.618952771,0.00016428
1335,0.536836545,0.00000394
1336,0.484501456,0
1337,0.878757842,0.004418768
1338,0.504027334,0.000000199
1339,0.484499874,0
1340,0.523777575,1.87E-08
1341,0.989109638,0.001739813
1342,0.861334162,0.000123403
1343,0.508811922,0.0000412
1344,0.48885433,3.46E-08
1345,0.888963802,0.002275494
1346,0.533834211,0.002147216
1347,0.484501466,0
1348,0.586211366,0.000013
1349,0.48791775,1.87E-08
1350,0.969231966,0.000809774
1351,0.698559474,0.000155796
1352,0.484501268,0
1353,0.681642855,0.001232255
1354,0.484501099,0
1355,0.484497329,0
1356,0.991751299,0.001572441
1357,0.525584954,0.0000004
1358,0.999877804,0.001943344
1359,0.656481174,0.00000581
1360,0.567116004,1.87E-08
1361,0.929094865,0.000401105
1362,0.484501224,0
1363,0.582601179,0.000095
1364,0.53222299,0.00000805
1365,0.958827497,0.000293654
1366,0.563501153,0.031333239
1367,0.585152216,0.0000291
1368,0.628559037,0.00000974
1369,0.484501332,0
1370,0.484501172,0
1371,0.484501411,0
1372,0.54465936,0.00000498
1373,0.484501211,0
1374,0.4845014,0
1375,0.484501118,0
1376,0.48449854,0
1377,0.5188803,0.0000241
1378,0.484501182,0
1379,0.992780777,0.000290508
1380,0.625995331,0.0000146
1381,0.484501454,0
1382,0.484499874,0
1383,0.80998921,0.003994369
1384,0.87225954,0.000316107
1385,0.484467196,0
1386,0.484482971,0
1387,0.484501414,0
1388,0.574215742,0.0000617
1389,0.484496403,0
1390,0.542952022,0.000011
1391,0.505918258,0.000000103
1392,0.852155533,0.000773322
1393,0.490792446,0.00000329
1394,0.484500824,0
1395,0.596749597,0.00000901
1396,0.915736505,0.003409327
1397,0.657619609,0.00022716
1398,0.547509393,0.0000197
1399,0.484499269,0
1400,0.48450078,0
1401,0.591815373,0.000000547
1402,0.484501466,0
1403,0.559463511,0.000024
1404,0.550382618,0.0000982
1405,0.484501427,0
1406,0.99820962,0.005340255
1407,0.556565996,0.000000849
1408,0.484490473,0
1409,0.506013461,0.000000207
1410,0.484501334,0
1411,0.490152407,0.00000719
1412,0.484501071,0
1413,0.628045386,0.0000363
1414,0.559621348,0.00000954
1415,0.486005757,0.0000024
1416,0.484501326,0
1417,0.484501321,0
1418,0.496101804,0.0000114
1419,0.484501445,0
1420,0.674966659,0.0000869
1421,0.791964573,0.000636543
1422,0.999759313,0.003437604
1423,0.484501359,0
1424,0.484500672,0
1425,0.484500944,0
1426,0.484501036,0
1427,0.873051297,0.000123208
1428,0.652431812,0.000190981
1429,0.83950058,0.001673185
1430,0.484500993,0
1431,0.4845014,0
1432,0.511205885,0.000144614
1433,0.640930792,0.0000562
1434,0.536331622,0.0000163
1435,0.651399339,0.000000287
1436,0.484501442,0
1437,0.484501291,0
1438,0.503392519,0.00000105
1439,0.484500698,0
1440,0.788454821,0.000294731
1441,0.561241399,0.00000787
1442,0.484501347,0
1443,0.484501375,0
1444,0.580563231,0.00000131
1445,0.997466879,0.005064903
1446,0.545326452,0.0000445
1447,0.484420976,0
1448,0.613973822,0.0000195
1449,0.484480696,0
1450,0.484500262,0
1451,0.484501433,0
1452,0.92870301,0.000633101
1453,0.484501413,0
1454,0.889378426,0.002085165
1455,0.580194703,0.000000769
1456,0.864529049,0.001379126
1457,0.565440823,0.0000995
1458,0.484501437,0
1459,0.506136728,0.000000331
1460,0.484501438,0
1461,0.48450135,0
1462,0.48450145,0
1463,0.517107865,0.000027
1464,0.484501222,0
1465,0.747842156,0.000116806
1466,0.520968155,1.87E-08
1467,0.484501376,0
1468,0.51897734,0.000000135
1469,0.484501046,0
1470,0.999132334,0.000797389
1471,0.484501419,0
1472,0.484491708,0
1473,0.484500467,0
1474,0.486876476,0.00271119
1475,0.772992626,0.000239995
1476,0.590875164,0.0000322
1477,0.775210706,0.000177269
1478,0.484498009,0
1479,0.588588016,0.0000281
1480,0.484486732,0
1481,0.513661701,0.000000771
1482,0.546734483,0.00000319
1483,0.937972325,0.003094824
1484,0.484500765,0
1485,0.545715401,0.00000415
1486,0.506239335,0.000026
1487,0.606647324,0.000170149
1488,0.517446466,1.87E-08
1489,0.55216668,0.0000138
1490,0.574901431,0.00000488
1491,0.484501431,0
1492,0.517836646,1.87E-08
1493,0.696711143,0.000189372
1494,0.99170909,0.0000853
1495,0.559940474,0.0000117
1496,0.484495723,0
1497,0.748378306,0.001222722
1498,0.502176436,0.00000694
1499,0.484501324,0
1500,0.48450067,0
1501,0.48450142,0
1502,0.533848207,0.0000363
1503,0.580913474,0.000167732
1504,0.484501453,0
1505,0.528551167,0.0000372
1506,0.484501388,0
1507,0.50404708,0.000265199
1508,0.508910379,0.000000644
1509,0.48450124,0
1510,0.523209634,0.00000569
1511,0.484499269,0
1512,0.618415901,0.00000272
1513,0.532697864,0.0000127
1514,0.612826448,0.0000371
1515,0.588135294,0.00017593
1516,0.484501274,0
1517,0.484500913,0
1518,0.484501395,0
1519,0.728919497,0.0000717
1520,0.484501272,0
1521,0.484483536,0
1522,0.484501456,0
1523,0.724898446,0.001492309
1524,0.512809369,0.0000194
1525,0.526014114,0.00000235
1526,0.512494477,0.000000166
1527,0.624647217,0.000100371
1528,0.945021266,0.000154895
1529,0.756234787,0.000535609
1530,0.502165944,0.000000163
1531,0.690935012,0.035288526
1532,0.79276472,0.000565099
1533,0.525821902,0.000101342
1534,0.962116949,0.016488501
1535,0.641471749,0.000819984
1536,0.484501333,0
1537,0.484499232,0
1538,0.517687181,0.0000314
1539,0.484500133,0
1540,0.592815323,0.00000402
1541,0.518684038,0.000264513
1542,0.608977908,0.000000088
1543,0.484496501,0
1544,0.484501156,0
1545,0.484501351,0
1546,0.999740121,0.003853224
1547,0.484501143,0
1548,0.48450144,0
1549,0.485378613,0.000000288
1550,0.580989775,0.005440164
1551,0.484501082,0
1552,0.503981338,0.0000164
1553,0.484501462,0
1554,0.518001778,0.0000861
1555,0.532575475,0.00000692
1556,0.609395976,0.0000351
1557,0.516391899,0.00000173
1558,0.511194847,0.000879584
1559,0.508353556,0.0000146
1560,0.484500949,0
1561,0.484500954,0
1562,0.90637682,0.000537612
1563,0.762219766,0.000186707
1564,0.484501255,0
1565,0.496617131,0.000000028
1566,0.646967299,0.000400085
1567,0.535028702,0.0000218
1568,0.484501435,0
1569,0.48450139,0
1570,0.971952501,0.001110856
1571,0.56906104,0.033227928
1572,0.488796479,0.00000105
1573,0.584723724,0.0000889
1574,0.484501209,0
1575,0.591343827,0.004338484
1576,0.51825426,0.000000144
1577,0.510204981,0.0000939
1578,0.48450145,0
1579,0.501971441,0.00000116
1580,0.484501373,0
1581,0.484501387,0
1582,0.484501457,0
1583,0.496886089,0.00000369
1584,0.484500495,0
1585,0.484501407,0
1586,0.547456433,0.00000949
1587,0.961496487,0.001926761
1588,0.614023459,0.0000294
1589,0.857930975,0.000417423
1590,0.50198974,0.000000168
1591,0.796513008,0.000988879
1592,0.58779523,0.0000769
1593,0.484499726,0
1594,0.484501197,0
1595,0.60794484,0.002240217
1596,0.4845013,0
1597,0.942238941,0.000575074
1598,0.537338976,0.000000134
1599,0.537823966,0.000108356
1600,0.484500647,0
1601,0.61498698,0.00000355
1602,0.980813606,0.000824913
1603,0.525517977,0.000000129
1604,0.538786343,0.0000407
1605,0.484500341,0
1606,0.484494747,0
1607,0.571778917,0.000008
1608,0.484497465,0
1609,0.602697804,0.005246259
1610,0.567839033,0.0000713
1611,0.999996776,0.007119174
1612,0.484501434,0
1613,0.659118635,0.0000149
1614,0.539706798,0.000000444
1615,0.699113109,0.000528957
1616,0.484497255,0
1617,0.542457928,0.000053
1618,0.563077734,0.0000468
1619,0.484500504,0
1620,0.48913085,0.00000293
1621,0.691003241,0.001610284
1622,0.484501424,0
1623,0.48450139,0
1624,0.574971612,0.0000998
1625,0.525106498,0.0000166
1626,0.516035012,0.0000563
1627,0.568845524,0.0000334
1628,0.850517385,0.005016038
1629,0.944272593,0.000254711
1630,0.484269904,0
1631,0.484499046,0
1632,0.506747008,0.0000111
1633,0.759543628,0.0000167
1634,0.994549583,0.027607266
1635,0.808422597,0.000304167
1636,0.517901955,0.0000567
1637,0.484501447,0
1638,0.484501437,0
1639,0.709047546,0.0000483
1640,0.48450091,0
1641,0.68515735,1.87E-08
1642,0.48450128,0
1643,0.567520701,0.0000127
1644,0.541734035,0.00000314
1645,0.996432246,0.030450268
1646,0.504946708,0.001975216
1647,0.884040582,0.001588233
1648,0.484500658,0
1649,0.564407129,0.00000264
1650,0.590665045,0.012028458
1651,0.807173315,0.000185313
1652,0.484500633,0
1653,0.514641894,0.0000004
1654,0.484499998,0
1655,0.776595344,0.0000103
1656,0.484501445,0
1657,0.568364953,0.0000596
1658,0.950385105,0.001606854
1659,0.484500671,0
1660,0.579086653,0.000000951
1661,0.550675235,0.0000539
1662,0.570368098,0.0000038
1663,0.902539868,0.000420597
1664,0.496075154,0.00000215
1665,0.783905886,0.0000766
1666,0.890820439,0.003767904
1667,0.70889608,0.000378963
1668,0.949141621,0.003142771
1669,0.629022132,0.0000647
1670,0.890632223,0.001509656
1671,0.802930463,0.000796463
1672,0.484500744,0
1673,0.484501401,0
1674,0.484498355,0
1675,0.48450138,0
1676,0.931950624,0.001650153
1677,0.484501386,0
1678,0.534013081,0.0000143
1679,0.484501059,0
1680,0.484500715,0
1681,0.813400196,0.001753724
1682,0.484496798,0
1683,0.484499355,0
1684,0.901722022,0.000661836
1685,0.653140932,0.000000419
1686,0.484498095,0
1687,0.694842188,0.000136355
1688,0.484501406,0
1689,0.585184526,0.00000309
1690,0.67993888,0.000000505
1691,0.607789043,0.0000329
1692,0.603358955,0.002489506
1693,0.484501171,0
1694,0.484466223,0
1695,0.484499368,0
1696,0.550129189,0.00000293
1697,0.484445876,0
1698,0.484501439,0
1699,0.526439921,0.000000144
1700,0.484501392,0
1701,0.685649026,0.0000634
1702,0.760323836,0.000129386
1703,0.484499059,0
1704,0.759147323,0.005207356
1705,0.52547743,0.00000679
1706,0.552506315,0.000000424
1707,0.53784473,0.0000106
1708,0.484501448,0
1709,0.484501274,0
1710,0.484499503,0
1711,0.746015767,0.000206967
1712,0.484501387,0
1713,0.484501405,0
1714,0.540509354,0.000000028
1715,0.484501045,0
1716,0.817128976,0.0000427
1717,0.656507863,0.0000822
1718,0.64739321,0.00000551
1719,0.996836497,0.004911357
1720,0.817269121,0.00018486
1721,0.48568122,0.000000305
1722,0.635493413,0.000239131
1723,0.521807328,0.000039
1724,0.936696559,0.000276231
1725,0.505806949,0.00000636
1726,0.484501425,0
1727,0.871201214,0.0000773
1728,0.999587066,0.004922599
1729,0.73875255,0.0000327
1730,0.804411222,0.0000366
1731,0.652426303,0.004903038
1732,0.771198173,0.000867792
1733,0.496949596,0.000000554
1734,0.704559223,0.000101258
1735,0.633019299,0.0000221
1736,0.484500232,0
1737,0.484500631,0
1738,0.483673748,0
1739,0.675259468,0.000000976
1740,0.484501463,0
1741,0.505790345,0.00000261
1742,0.580059752,0.00000285
1743,0.544042595,0.00038909
1744,0.536602129,0.000000163
1745,0.484499528,0
1746,0.484500715,0
1747,0.787514296,0.000146786
1748,0.484501413,0
1749,0.564886101,0.0000375
1750,0.484501461,0
1751,0.622116323,0.000000168
1752,0.696634746,0.00000599
1753,0.484501186,0
1754,0.484501466,0
1755,0.52090582,0.00000217
1756,0.822219376,0.000796755
1757,0.488458735,0.00000132
1758,0.484501123,0
1759,0.484493475,0
1760,0.524050657,0.00000062
1761,0.573677103,0.00000559
1762,0.64898304,0.000000618
1763,0.499204207,0.00000319
1764,0.495273607,0.000000234
1765,0.998237328,0.001411181
1766,0.560598056,0.0000606
1767,0.942988726,0.000411987
1768,0.636247636,0.000055
1769,0.547611703,0.000164274
1770,0.484501428,0
1771,0.604752309,0.0000196
1772,0.484501395,0
1773,0.560398349,0.0000613
1774,0.484501463,0
1775,0.53816717,0.00000877
1776,0.676728773,0.001669766
1777,0.518009118,0.00000383
1778,0.484501118,0
1779,0.507023688,0.000000163
1780,0.88777823,0.029140451
1781,0.68914008,0.000186872
1782,0.842130667,0.000042
1783,0.998860053,0.005216756
1784,0.575974562,0.0000796
1785,0.818911548,0.001211366
1786,0.628812829,0.0000662
1787,0.484501383,0
1788,0.485906014,0.000000028
1789,0.484501466,0
1790,0.484501435,0
1791,0.93488185,0.007898485
1792,0.484489188,0
1793,0.56024524,0.0000058
1794,0.60332942,0.0000403
1795,0.93230138,0.019624795
1796,0.763270914,0.000134494
1797,0.484501447,0
1798,0.559841699,1.87E-08
1799,0.484498836,0
1800,0.484501387,0
1801,0.720413489,0.000663807
1802,0.484499973,0
1803,0.629041461,0.0000034
1804,0.622292108,0.0000705
1805,0.505320957,0.000159196
1806,0.484501458,0
1807,0.663214168,0.000068
1808,0.484500959,0
1809,0.484501066,0
1810,0.484501289,0
1811,0.48450146,0
1812,0.849857986,0.000135424
1813,0.691347024,0.003615862
1814,0.779077114,0.000870083
1815,0.600422416,0.000163262
1816,0.511307247,0.0000323
1817,0.996834587,0.000728917
1818,0.925051264,0.000136346
1819,0.532040274,0.0000236
1820,0.484500852,0
1821,0.484501378,0
1822,0.681963777,0.0000062
1823,0.574063612,0.000169647
1824,0.484501467,0
1825,0.484501211,0
1826,0.575801374,0.0000633
1827,0.50853418,0.000000135
1828,0.731029935,0.001755889
1829,0.484501036,0
1830,0.577349927,0.000259088
1831,0.921758313,0.044934443
1832,0.52040718,0.00000518
1833,0.583130558,0.000119489
1834,0.655313891,0.00000344
1835,0.577588919,0.000000653
1836,0.776967675,0.000510658
1837,0.629279361,0.000186958
1838,0.484501441,0
1839,0.697393983,0.00000417
1840,0.532768469,0.000000103
1841,0.484501456,0
1842,0.484501443,0
1843,0.720497163,0.0006871
1844,0.999778052,0.009568698
1845,0.484501347,0
1846,0.586960998,0.000000194
1847,0.624281127,0.000217236
1848,0.484501432,0
1849,0.484501259,0
1850,0.506325565,0.00000224
1851,0.510686096,0.0000111
1852,0.999957687,0.269664266
1853,0.484501314,0
1854,0.692615379,0.000167651
1855,0.484501459,0
1856,0.565428664,0.00000736
1857,0.498017718,1.87E-08
1858,0.484498898,0
1859,0.59440121,0.00000848
1860,0.484500825,0
1861,0.484500741,0
1862,0.48450126,0
1863,0.610076914,0.005655272
1864,0.48450085,0
1865,0.672416883,0.0000719
1866,0.614492843,0.0000371
1867,0.794833725,0.000112418
1868,0.588884874,0.0000109
1869,0.484501054,0
1870,0.484501451,0
1871,0.484494661,0
1872,0.484808124,0.000000163
1873,0.484501323,0
1874,0.948171747,0.002042531
1875,0.530527976,0.000000915
1876,0.484501182,0
1877,0.731573006,0.0000111
1878,0.48448967,0
1879,0.528126132,0.00000464
1880,0.502949142,0.000000685
1881,0.485450532,0.000000166
1882,0.932535261,0.000330745
1883,0.484501381,0
1884,0.484501416,0
1885,0.534932999,1.87E-08
1886,0.484500502,0
1887,0.536950974,0.000000792
1888,0.484499998,0
1889,0.561389047,0.000688172
1890,0.484501453,0
1891,0.484501314,0
1892,0.484501378,0
1893,0.81881775,0.000122345
1894,0.999994312,0.005426235
1895,0.526162562,0.00000564
1896,0.484500896,0
1897,0.484500568,0
1898,0.484501463,0
1899,0.999813633,0.004086061
1900,0.484501253,0
1901,0.484501368,0
1902,0.484500183,0
1903,0.501501708,0.00000901
1904,0.948091004,0.00086726
1905,0.998162256,0.000852908
1906,0.484500856,0
1907,0.507370805,0.0000549
1908,0.584464779,0.000000952
1909,0.527758413,0.0000307
1910,0.655676726,0.011077604
1911,0.484500531,0
1912,0.484500565,0
1913,0.484501186,0
1914,0.669388201,0.000145841
1915,0.839676143,0.0000409
1916,0.484492499,0
1917,0.624045891,0.0000671
1918,0.618152668,0.0000843
1919,0.547011355,0.019428643
1920,0.671480281,0.0000064
1921,0.655395033,0.00000617
1922,0.617083839,0.00000848
1923,0.523253615,0.000000163
1924,0.535863677,1.87E-08
1925,0.484501023,0
1926,0.90436858,0.00022245
1927,0.644544433,0.000373851
1928,0.484500382,0
1929,0.51473056,0.000000168
1930,0.48450086,0
1931,0.484501182,0
1932,0.722991161,0.000085
1933,0.829252054,0.0000168
1934,0.484500975,0
1935,0.895178332,0.001955364
1936,0.486496666,0.00000083
1937,0.503246122,0.00000239
1938,0.484501374,0
1939,0.484501446,0
1940,0.484501346,0
1941,0.484501286,0
1942,0.549283451,0.001253866
1943,0.537896374,0.00000304
1944,0.506765876,0.00000509
1945,0.740158544,0.001954161
1946,0.484500682,0
1947,0.484501422,0
1948,0.535683878,0.0000077
1949,0.484496637,0
1950,0.484501465,0
1951,0.512432708,0.000000424
1952,0.484501352,0
1953,0.484501376,0
1954,0.494024551,0.00000489
1955,0.484501314,0
1956,0.595167798,0.0000476
1957,0.484501458,0
1958,0.496671455,0.00000127
1959,0.514112832,0.0000466
1960,0.484500618,0
1961,0.674448095,0.000308648
1962,0.913781651,0.000209563
1963,0.484501439,0
1964,0.484501395,0
1965,0.484501261,0
1966,0.756822185,0.000175433
1967,0.484499479,0
1968,0.516140384,0.00000498
1969,0.499086472,0.000000208
1970,0.705710998,0.00000244
1971,0.509663381,0.00000151
1972,0.489615913,0.000132753
1973,0.995646047,0.003274326
1974,0.614729521,0.000186089
1975,0.988494649,0.00060271
1976,0.76610648,0.000730334
1977,0.484501346,0
1978,0.484495748,0
1979,0.484501359,0
1980,0.588543919,0.0000579
1981,0.851132717,0.000144577
1982,0.484501457,0
1983,0.753646461,0.000475388
1984,0.484501447,0
1985,0.484501213,0
1986,0.484501438,0
1987,0.57204511,0.00000361
1988,0.484501382,0
1989,0.623805283,3.46E-08
1990,0.484501404,0
1991,0.516360832,0.000000518
1992,0.579788461,0.0000191
1993,0.48449324,0
1994,0.603213751,0.000410492
1995,0.490840741,0.001285054
1996,0.998949293,0.037026033
1997,0.999991185,0.028708725
1998,0.484491189,0
1999,0.484499244,0
2000,0.484501112,0
