,Importance,Idx,Token
0,0.020442840881193424,681,feel
1,0.01951476018410095,1063,love
2,0.005745409863143014,184,beautiful
3,0.005222875898883622,1800,thank
4,0.0044459268468728845,120,argument
5,0.004315991040618718,815,happy
6,0.004150993056606576,683,feeling
7,0.003972246100877994,827,heart
8,0.003736199499125035,1030,life
9,0.003366865510592928,1670,song
10,0.003266046240880874,863,hope
11,0.003236652487945738,1894,use
12,0.003131227122646128,1340,point
13,0.00299402260953085,1032,like
14,0.00287506849790652,538,dream
15,0.0028688370413209115,1061,lot
16,0.002863172452236265,1666,solve
17,0.0027489023229537134,472,deep
18,0.0026827027936031566,1213,nt
19,0.002633552006872414,1001,knowledge
20,0.0026196946241342743,21,:d
21,0.0026084717025697695,367,computer
22,0.0025872734360770956,1807,think
23,0.0025799917400210477,98,answer
24,0.0024977154115163676,742,fuck
25,0.0024688393614612576,1814,ti
26,0.0024525212312519443,468,debate
27,0.0023784409722855905,1605,shit
28,0.0023564446799242693,773,good
29,0.002343568772094786,735,friend
30,0.002297736226255782,1000,know
31,0.0022882371792201134,1538,sad
32,0.0022854568161667687,1049,logic
33,0.0022828250872802473,1616,shy
34,0.002282056516815701,1929,want
35,0.0022200228105225387,1734,stupid
36,0.0021941540282325086,1419,question
37,0.002190853212681007,836,help
38,0.0020911371586806175,1972,work
39,0.002080228432265774,1328,plan
40,0.0020787277483623294,1817,time
41,0.002057544800094946,1806,thing
42,0.002040510440022768,1293,people
43,0.00203416075180716,1385,problem
44,0.0020319448858172008,685,female
45,0.0020010689550156707,1055,look
46,0.0019320826458569073,1979,write
47,0.0019178285754099713,476,definitely
48,0.0018787372959449794,806,haha
49,0.0018676435531120646,650,fact
50,0.0018520525239099671,1579,sensitive
51,0.0018491748467045236,1554,science
52,0.0018348182198687666,1867,type
53,0.0018289457101641582,1964,wish
54,0.0017704750616094375,128,ask
55,0.0017637257661471254,1513,right
56,0.0017614054444238555,939,intelligence
57,0.0017490010353633512,697,find
58,0.0017343672331406564,1803,theory
59,0.0017079115869466138,10,4w5
60,0.0016838647675471523,51,actually
61,0.0016814613580873558,1301,person
62,0.0016811522472109843,1106,maybe
63,0.0016755824421674562,1,'s
64,0.0016713193757994316,1316,physics
65,0.001630755228618054,232,boring
66,0.0016223421570334773,995,kind
67,0.0016088311608268002,1937,way
68,0.001607983726714124,980,joke
69,0.0016043404399665015,1050,logical
70,0.001601364016965335,1860,try
71,0.0016011527526167751,1494,require
72,0.0015949597188069523,918,information
73,0.0015725741446212767,948,interesting
74,0.0015638773734313882,1672,sorry
75,0.0015611387824811176,1992,yes
76,0.0015586314554162178,119,argue
77,0.0015482703194840061,816,hard
78,0.0015414704952477494,1197,nice
79,0.0015340969993980994,462,day
80,0.001532937495696725,750,game
81,0.0015258314259602467,1652,smart
82,0.001496763431308983,1103,math
83,0.001480509192865599,1969,wonderful
84,0.0014798494441348108,842,high
85,0.0014787629454538864,878,hurt
86,0.0014614060002275905,240,brain
87,0.0014511536004950573,938,intellectual
88,0.0014487171666410048,1701,start
89,0.001423388675374405,1495,research
90,0.0014223579700425356,131,ass
91,0.0014112125322389626,840,hi
92,0.001376740320076645,1758,sure
93,0.0013624505627735997,502,different
94,0.00136124694730432,1737,subject
95,0.001360628033310931,826,hear
96,0.0013584020792390067,1042,live
97,0.001348766801042394,1452,reason
98,0.001346655229558438,482,depend
99,0.0013434157677801855,1107,mean
100,0.0013409923022726904,1773,talk
101,0.0013336170488790517,1051,lol
102,0.001332695385163884,786,great
103,0.0013256972564880936,1444,read
104,0.0013255193433241782,1791,tell
105,0.0013182615130843945,1237,old
106,0.001316750148560582,1474,relate
107,0.0013109871395570807,1657,social
108,0.0013019775665748857,813,happen
109,0.001299266162232915,1476,relationship
110,0.0012922436162748057,345,come
111,0.0012896871687294539,167,bad
112,0.0012860489098521519,1376,pretty
113,0.0012769810506491055,883,idea
114,0.0012767160739989645,1553,school
115,0.001264934067550311,84,amazing
116,0.001260460641559804,1577,sense
117,0.001251904706731178,1900,usually
118,0.001251181616044713,1041,little
119,0.0012500189937244795,329,close
120,0.0012490782252684315,274,care
121,0.0012459507242614494,1880,understand
122,0.0012377762916857982,1187,need
123,0.0012366919159948542,209,bit
124,0.001230097842619848,1982,wrong
125,0.0012282384278960532,1933,waste
126,0.0012263296418682044,1358,post
127,0.0012218956919110978,389,consider
128,0.0012215274961483622,1404,prove
129,0.001221481130929653,1978,wow
130,0.0012157132258893478,726,forum
131,0.0012085131342743766,1770,system
132,0.001204570262792096,587,enjoy
133,0.0012009729400365027,1326,place
134,0.0012009598184282808,1384,probably
135,0.001200096435391218,1323,piss
136,0.0011991506419622786,646,eye
137,0.0011960705243822516,1234,oh
138,0.0011947110860765526,1853,troll
139,0.0011927927346525652,1812,thread
140,0.0011853459310027419,1535,rule
141,0.0011845818852339936,278,case
142,0.001181589208185349,1675,sound
143,0.0011625576885614932,1193,new
144,0.0011604212048521797,71,agree
145,0.0011570434879586613,1974,world
146,0.0011541762769263603,1033,likely
147,0.00115376500359153,1833,totally
148,0.0011432585221182686,1702,state
149,0.0011367485719048134,1331,play
150,0.0011360733658501308,1195,nf
151,0.0011357570528625332,1989,year
152,0.0011349194299193608,946,interest
153,0.0011310890091338214,743,fucking
154,0.001130153461233205,24,<3
155,0.001119131069146851,1115,meet
156,0.0011138248282942574,1798,test
157,0.001109576021826651,801,guy
158,0.001108424872379808,1967,woman
159,0.001100021457521218,1223,obviously
160,0.001094808425449497,1053,long
161,0.0010926809134727796,839,hey
162,0.0010897593178072547,194,believe
163,0.0010871902966411472,794,guess
164,0.0010826036010670348,559,easy
165,0.0010759490098753053,687,fi
166,0.0010755893351333636,1104,matter
167,0.0010722287514748027,1984,xd
168,0.0010704647284607155,176,base
169,0.001065759649625925,1020,leave
170,0.001063352480409517,615,exactly
171,0.001061201187962163,1011,laugh
172,0.0010538537221538025,1811,thought
173,0.0010524975351324571,766,girl
174,0.001052434023978393,768,glad
175,0.001042138223911307,628,experience
176,0.001040919893345025,1729,struggle
177,0.0010373546357452398,1988,yeah
178,0.0010354591999232824,1198,night
179,0.0010317043044349768,408,correct
180,0.0010169043532906894,1018,learn
181,0.0010125632176763997,1823,today
182,0.0010109499133594093,1726,strong
183,0.001007649952469286,745,fun
184,0.001007079712066954,285,certain
185,0.0010070422648742476,1082,man
186,0.001002127868053008,822,hate
187,0.0009988694670974869,29,able
188,0.0009977766750280158,1064,lovely
189,0.0009953208198816867,261,business
190,0.0009912916184423922,1971,word
191,0.0009893285780613274,1024,let
192,0.0009865493275266388,1660,society
193,0.0009822992148388406,1181,ne
194,0.000981560825519323,661,family
195,0.0009797972645895678,1590,sex
196,0.00097840354778418,1599,share
197,0.0009778167206942643,994,kill
198,0.0009777952062237087,134,assume
199,0.0009712282754119889,1168,music
200,0.000970153942600471,581,end
201,0.0009667200061748564,1304,personality
202,0.0009662417656962942,747,funny
203,0.0009650278553364471,1038,listen
204,0.0009616797454984688,1148,mom
205,0.0009582622758779777,159,away
206,0.000956905606757418,100,anxiety
207,0.0009556107408255488,399,conversation
208,0.0009535429097271094,1571,self
209,0.0009498834734940208,1196,ni
210,0.0009493552228579356,950,internet
211,0.000948229745221935,617,example
212,0.0009460037688245157,746,function
213,0.0009450278852287536,957,introvert
214,0.0009442976820454582,934,instead
215,0.0009427731372278916,1855,true
216,0.0009424731346659367,1831,topic
217,0.0009420508805315761,321,class
218,0.0009413577814035309,1638,situation
219,0.0009398392810803747,1949,welcome
220,0.0009396743429649942,23,:p
221,0.0009396085631490571,834,hell
222,0.0009348695571429211,674,favorite
223,0.0009333556266532357,1249,order
224,0.0009298594862700412,486,describe
225,0.0009281247216114165,114,apply
226,0.0009255231226322999,874,human
227,0.0009171417005792467,703,fit
228,0.0009159488964232577,1809,thinking
229,0.0009135016841983812,203,big
230,0.0009134645176753125,600,especially
231,0.0009131406403658608,1135,mind
232,0.0009082613893548573,1369,prefer
233,0.0009080603251224045,605,etc
234,0.000907475196285752,470,decide
235,0.0009074297703910534,423,crazy
236,0.0009033370298595956,1630,simply
237,0.0009020012739572055,1713,stop
238,0.0008949260582973903,1003,lack
239,0.0008926954461851501,1688,spend
240,0.0008915282178363396,947,interested
241,0.0008909392007721442,823,head
242,0.0008884223844102563,1703,statement
243,0.0008870916609398452,560,eat
244,0.000885743162993574,403,cool
245,0.0008844489911785208,140,attempt
246,0.0008832992319888777,1793,tend
247,0.0008799818290432372,1757,suppose
248,0.000879770112578892,566,effort
249,0.0008791902032968084,1151,month
250,0.000878205636221507,1059,lose
251,0.0008767119632165946,1458,recently
252,0.0008746788091344064,289,change
253,0.0008712423298466494,1437,rarely
254,0.0008679644094996303,1214,number
255,0.0008674208021117627,1486,remember
256,0.0008662479990926654,940,intelligent
257,0.0008647807642517478,458,date
258,0.0008646644896218897,1150,money
259,0.000864197289015585,729,free
260,0.0008641198969533334,631,explain
261,0.0008633335796403757,1209,notice
262,0.0008629946014194448,970,issue
263,0.0008611632226836914,241,break
264,0.0008577235927810317,1732,study
265,0.0008573020348506009,626,expect
266,0.0008568601297560178,611,evidence
267,0.0008563097648782668,453,damn
268,0.0008554860507239488,199,better
269,0.0008554526810641582,1386,process
270,0.0008541719897039437,1009,lately
271,0.0008538001012714973,1289,pay
272,0.0008505825632146277,753,gender
273,0.000847600453804657,1284,past
274,0.000844484456830146,993,kid
275,0.0008429154386619331,575,emotion
276,0.0008362188511537262,1447,real
277,0.0008329157848485379,1149,moment
278,0.0008295092882881633,1968,wonder
279,0.0008290549990164139,1628,similar
280,0.0008281011695882522,1034,limit
281,0.0008280574903934909,1641,skill
282,0.0008278388882588028,160,awesome
283,0.000823377093095503,977,job
284,0.0008231656371407872,478,degree
285,0.0008230035761309418,1903,value
286,0.000819973217176436,228,book
287,0.0008193968264084587,115,appreciate
288,0.0008156351722260853,305,child
289,0.0008141954475331619,447,cute
290,0.0008140226558529633,293,character
291,0.000808235735629825,63,advice
292,0.0008054096460672019,1719,strategy
293,0.0008050612165704903,1356,possible
294,0.0008035173004412805,1767,sweet
295,0.0008023848290623369,70,ago
296,0.0008013328284477275,966,iq
297,0.0007957957446479119,475,define
298,0.0007947569130911528,792,grow
299,0.0007943068446258027,1948,weird
300,0.0007933860882615705,371,conclusion
301,0.0007891371414820292,717,food
302,0.0007870660127260266,576,emotional
303,0.0007866720478233551,1243,opinion
304,0.0007844729808329981,1305,personally
305,0.0007825334264774348,1859,truth
306,0.0007818841617608982,810,hand
307,0.000781828905665761,286,certainly
308,0.0007800182584836378,692,figure
309,0.0007779411615156086,1396,project
310,0.000776572195483266,1913,view
311,0.0007761513092578522,1953,wikipedia
312,0.0007738632869585638,1995,young
313,0.0007697384430368407,860,honestly
314,0.0007695877073197748,716,follow
315,0.0007672727347330887,353,common
316,0.0007656279689506412,1239,online
317,0.000764709540218884,1037,list
318,0.0007596869894813576,265,buy
319,0.000759016806962231,1697,stand
320,0.000754808539870346,869,hour
321,0.0007527777570768439,1026,level
322,0.0007498706222550548,325,clear
323,0.0007483088571703684,1236,okay
324,0.0007477825093129671,142,attention
325,0.000746265592319513,1912,video
326,0.0007458367778047292,1863,turn
327,0.0007453379399069218,658,fall
328,0.0007444173191988492,835,hello
329,0.0007441642929481391,326,clearly
330,0.0007407500173012093,1565,second
331,0.0007405824621821256,1715,story
332,0.0007390493581436373,1242,open
333,0.0007376013786470604,1674,soul
334,0.0007371603454167583,691,fight
335,0.0007327218887551254,2,-PRON-
336,0.0007296215917178282,1519,robot
337,0.0007282567993296691,1651,small
338,0.000725910418572008,647,face
339,0.0007246678076871611,809,half
340,0.0007245658000563742,1501,response
341,0.0007239937067332873,311,choose
342,0.0007224192870146366,1262,page
343,0.0007221827785616678,1188,negative
344,0.0007216940152223368,1827,tongue
345,0.0007176359896549686,501,difference
346,0.0007139313532087018,755,generally
347,0.0007135154511599638,1431,random
348,0.0007105365509066046,154,average
349,0.0007087601713315887,467,death
350,0.0007086421629440754,541,drive
351,0.000707458267513059,1451,realize
352,0.0006994652305241325,676,fe
353,0.0006991551849289583,904,important
354,0.0006988369444842768,178,basically
355,0.0006988140469273787,1795,term
356,0.0006984954783554715,666,far
357,0.000697367767808814,754,general
358,0.0006948428056934502,1829,tool
359,0.0006937124930843897,1784,team
360,0.0006922959246364314,1320,picture
361,0.0006920583427706823,1679,space
362,0.0006917585568053589,1934,watch
363,0.000689958786625948,1163,movie
364,0.0006893953615134386,1945,week
365,0.0006864361673104191,870,house
366,0.0006848244274223356,1629,simple
367,0.000684715819005967,231,bored
368,0.0006836223228435265,95,annoy
369,0.0006810455701163928,1138,minute
370,0.0006800099276191639,398,control
371,0.0006799958797898964,445,currently
372,0.0006799440410007005,771,god
373,0.0006769801138042839,225,body
374,0.0006765226717757944,1617,si
375,0.0006758111590142848,116,approach
376,0.0006751208687241632,1012,law
377,0.0006751024670887964,757,genius
378,0.0006742175924749586,1235,ok
379,0.0006708145546923172,624,exist
380,0.0006681237446567835,52,add
381,0.0006658370293631195,368,concept
382,0.000665791820283484,1705,stay
383,0.0006646165153042145,1008,late
384,0.0006625217145660965,1443,reaction
385,0.0006618817022499005,318,claim
386,0.0006617856208661864,1636,sit
387,0.0006605606393070598,517,discussion
388,0.0006596199261093594,1506,result
389,0.0006591303910289143,1120,memory
390,0.0006582892669768749,1923,wait
391,0.0006581267559103854,1203,nope
392,0.0006578759391147757,722,forget
393,0.0006572755103400832,415,course
394,0.0006567701485399921,191,behavior
395,0.0006566053625759261,1681,speak
396,0.0006549981001014237,1924,wake
397,0.0006549478282517178,1673,sort
398,0.0006538533099725972,465,deal
399,0.0006532672236464775,1081,male
400,0.0006526473441767814,1545,save
401,0.0006526421011370169,245,bring
402,0.000652545497325974,443,curious
403,0.0006504012031462538,889,idiot
404,0.0006497256591858655,1842,trait
405,0.0006479456657087372,778,government
406,0.0006466570455965763,1014,lazy
407,0.0006453265680908306,903,imply
408,0.0006450554947556479,504,difficult
409,0.0006425614111957582,212,black
410,0.000642540265801807,1733,stuff
411,0.0006409250462639572,182,bear
412,0.0006395387478118729,363,completely
413,0.000636817213159074,66,afraid
414,0.0006331034728835636,1645,sleep
415,0.0006329029319517297,1635,sister
416,0.0006312375300556709,586,english
417,0.0006296941440178956,897,imagine
418,0.000628435668906378,634,express
419,0.0006268952903032415,812,hang
420,0.0006264397307172104,1157,mother
421,0.0006236328258015346,720,force
422,0.0006233138360055091,908,include
423,0.0006224886551010575,540,drink
424,0.0006223613220859848,1868,typical
425,0.0006204469973970378,1587,set
426,0.0006200125035330123,89,analyze
427,0.0006186867516996052,737,friendship
428,0.0006168272353436979,644,extrovert
429,0.0006167447196282486,876,humor
430,0.0006165441011149126,1439,rational
431,0.0006150364270738105,1035,line
432,0.0006138609263221493,1273,parent
433,0.0006137327892461031,859,honest
434,0.0006127450727500969,1208,note
435,0.0006102673234999152,1423,quiet
436,0.0006102059348003804,1976,worry
437,0.0006087703688049716,471,decision
438,0.000608444428675888,713,focus
439,0.0006079587906699561,1561,se
440,0.0006079213171501452,841,hide
441,0.0006069715821957149,1222,obvious
442,0.0006065045431055666,1246,opposite
443,0.0006060329420142343,1123,mention
444,0.0006058378747476313,253,build
445,0.0006054823165124874,1083,manage
446,0.0006028629744986856,850,hmm
447,0.0006011854495713288,1711,stick
448,0.0006002933636721326,1557,score
449,0.0005994335821433185,1584,seriously
450,0.0005980104615960273,1654,smile
451,0.0005978379626086544,487,description
452,0.0005975989242868892,1883,unhealthy
453,0.0005957457120285949,1722,stress
454,0.0005952026728633602,1856,truly
455,0.0005951348038815304,1303,personal
456,0.0005939989047422185,1217,objective
457,0.000593455380968023,196,benefit
458,0.0005922491760803709,220,blue
459,0.0005914154821396031,1925,walk
460,0.0005910197952661789,1357,possibly
461,0.0005898229926650407,1180,nature
462,0.0005891221907577699,871,hug
463,0.0005890858054775399,499,die
464,0.0005889179542004591,1731,student
465,0.0005881673651266904,425,create
466,0.0005873993200459129,45,action
467,0.0005869021290289298,654,fair
468,0.0005852616552946355,413,country
469,0.0005844205006346509,396,continue
470,0.0005817241072518031,1956,win
471,0.00058165302583604,853,hold
472,0.0005809236579371034,239,boyfriend
473,0.0005786271144998569,642,extremely
474,0.0005775867539073264,825,healthy
475,0.0005774384574635688,1520,rock
476,0.0005756622483727613,414,couple
477,0.0005746720351810851,1241,op
478,0.0005745983147896387,1525,romantic
479,0.0005737672598545962,555,early
480,0.0005732976207317292,958,introverted
481,0.0005729815854081017,288,chance
482,0.0005727154901724285,1611,short
483,0.0005722638391207019,337,cognitive
484,0.000571941306718985,698,fine
485,0.0005719252211459685,1981,writing
486,0.0005704960975011313,515,discover
487,0.0005701155323773787,1490,reply
488,0.0005694769182449177,1858,trust
489,0.0005687304457295528,1029,lie
490,0.0005684313616683528,558,easily
491,0.0005677754590093013,1416,push
492,0.0005676036675420909,1129,method
493,0.0005674271219520784,1977,worth
494,0.0005672535680320339,1742,suck
495,0.0005652868466735018,44,act
496,0.0005637291510014437,135,assumption
497,0.0005629846221439928,67,age
498,0.0005615460858681939,1813,throw
499,0.000559800556908119,857,home
500,0.0005596862632396575,1421,quick
501,0.0005596759324542634,1186,necessary
502,0.0005589840592226079,350,comment
503,0.0005584453921936051,1581,sentence
504,0.000557647871162588,1426,quote
505,0.000557324113797166,1108,meaning
506,0.0005567236189016022,484,depression
507,0.0005566551274741944,1341,pointless
508,0.0005560868237000084,1362,power
509,0.0005550409476660533,1006,language
510,0.0005549825956879472,1746,suggest
511,0.0005529865994265241,770,goal
512,0.0005523401104384409,704,fix
513,0.0005520098433399988,1709,stereotype
514,0.0005516356174635635,1940,wear
515,0.0005493868573161921,35,accept
516,0.0005477668585350733,1780,te
517,0.0005469232510150673,1276,particular
518,0.0005468966633473106,996,kinda
519,0.0005463884098250583,979,join
520,0.0005463721627753148,1820,tired
521,0.0005463387120521824,92,angry
522,0.0005456718358856228,340,college
523,0.0005455189574824861,1052,lonely
524,0.0005453625978196265,301,check
525,0.0005449710516142703,1499,respect
526,0.0005447090685115215,548,dumb
527,0.0005438344211663834,438,cry
528,0.0005436214530386326,1683,specific
529,0.0005434291272914944,677,fear
530,0.0005430546269746673,1950,white
531,0.0005427959809019569,1345,political
532,0.0005426284142847263,466,dear
533,0.000542403100434701,536,draw
534,0.0005419277759907601,613,ex
535,0.000540003539263085,1692,sport
536,0.0005399300671900801,1205,normal
537,0.0005376232782921793,901,imo
538,0.0005373796292214698,1527,room
539,0.0005368526897501256,248,brother
540,0.0005335924903535715,1140,miss
541,0.0005301620283493604,892,ignore
542,0.0005294499870016851,1247,option
543,0.0005280065284030922,1897,user
544,0.0005278517053930653,155,avoid
545,0.0005266990775669312,483,depressed
546,0.0005263361681764383,1821,title
547,0.0005260811707236225,696,finally
548,0.0005258267803628737,1256,outside
549,0.0005249924648940355,928,inside
550,0.0005233605237718241,498,dick
551,0.0005224494493588905,1536,run
552,0.0005224202178084845,1414,purpose
553,0.0005222414426453104,593,environment
554,0.0005209066997492327,1319,pick
555,0.0005202017525819761,1314,physical
556,0.0005192858918972093,338,cold
557,0.0005191394188294499,451,dad
558,0.0005190439672674636,847,hit
559,0.0005186512925055958,99,anti
560,0.0005174677585301739,562,edit
561,0.0005173154798027332,532,doubt
562,0.0005170167928980763,665,fantasy
563,0.0005165007721571215,348,comfortable
564,0.0005159566632131142,1334,plenty
565,0.0005154972556290639,287,challenge
566,0.0005145655043747953,807,hahaha
567,0.000513904512270519,1066,low
568,0.000513654560038182,693,fill
569,0.0005122268551683414,1202,non
570,0.0005097712843180636,1504,rest
571,0.0005077210191204357,412,count
572,0.0005072236089463643,111,appear
573,0.0005063911848079377,48,activity
574,0.0005056610619934686,1556,scientist
575,0.0005051408050142658,1955,willing
576,0.0005045695746370148,1114,medium
577,0.0005030215521041981,1338,poem
578,0.0005029097280387713,1349,pop
579,0.0005028390755561723,694,film
580,0.000502658922460155,234,bother
581,0.0005016146112463015,31,absolutely
582,0.0005015017668935803,130,aspect
583,0.0005006795503840885,1297,perfect
584,0.0005005390847219601,400,convince
585,0.00050053352255174,1468,regardless
586,0.0004994302475531548,564,effect
587,0.0004991285518022186,1031,light
588,0.000499102105777486,775,google
589,0.000497487550114839,1931,warm
590,0.0004973470280313831,641,extreme
591,0.0004971026319050301,144,attract
592,0.0004966359608882291,724,form
593,0.0004966301332730904,671,father
594,0.0004952546617126854,1555,scientific
595,0.0004951358751222236,490,desire
596,0.0004946302542102411,1015,lead
597,0.0004939994124619757,1278,partner
598,0.0004918213814419903,1019,learning
599,0.000491731116439815,887,identify
600,0.000490875141769207,1895,useful
601,0.0004905650106061642,1252,original
602,0.000489732876810896,57,admit
603,0.0004888003935445149,1354,positive
604,0.0004884619945650052,1801,thanks
605,0.0004873413853056699,960,intuition
606,0.0004873207335628223,310,choice
607,0.0004871422466026905,651,factor
608,0.0004869842886695321,791,group
609,0.00048488523026462627,1482,religion
610,0.00048349191011870746,258,bunch
611,0.0004834232992397475,457,dark
612,0.0004828876567609326,1804,therapist
613,0.00048204989198240137,1141,mistake
614,0.00048159065903065487,843,highly
615,0.0004805605645876509,317,city
616,0.00047942050316962054,125,artist
617,0.000478996920167983,1004,lady
618,0.00047859083490039706,1185,necessarily
619,0.00047791575851692747,1295,perceive
620,0.0004767777941149019,1755,superior
621,0.000475782208719469,1708,step
622,0.0004754267697104175,527,dom
623,0.0004743427946387925,1682,special
624,0.0004730506129020128,1159,motivation
625,0.00047298857570048694,1575,send
626,0.0004723925631511728,592,entirely
627,0.0004723754987349183,1908,version
628,0.0004715967678246758,281,catch
629,0.0004708273487831096,1943,website
630,0.00047053599298569726,862,hop
631,0.00047005237716821316,518,dislike
632,0.00046987993686990097,463,daydream
633,0.00046876044809080885,1010,later
634,0.000467483359614201,682,feeler
635,0.0004674331030608074,1481,relevant
636,0.0004669333179514186,1717,strange
637,0.0004662410834742283,1119,member
638,0.00046572673597681407,1288,pattern
639,0.00046545234724483997,493,detail
640,0.00046482508893947073,268,calm
641,0.0004646037796609219,797,guilty
642,0.00046442556163296477,173,band
643,0.00046404373945468924,464,dead
644,0.00046346946314527077,1782,teach
645,0.0004633744766063561,1960,wink
646,0.000462943707079922,1039,literally
647,0.00046263648469783525,895,image
648,0.0004623115357609272,393,contact
649,0.00046148759246339985,1668,somewhat
650,0.0004608859625846897,358,compare
651,0.0004600648591832757,748,future
652,0.00045992429999736116,885,idealist
653,0.000459923325539711,1753,super
654,0.00045984626916142213,914,individual
655,0.00045919454798838856,163,awkward
656,0.0004586943179139649,1174,nah
657,0.00045829875294650093,543,drop
658,0.00045791070201844225,1306,perspective
659,0.00045767009611701563,915,inferior
660,0.00045674862256202454,1671,soon
661,0.0004566216149456078,280,cat
662,0.00045634250449682847,1321,piece
663,0.0004557119142338093,1735,style
664,0.00045530523601949895,1178,natural
665,0.0004534247906664964,1885,universe
666,0.0004532601830697612,622,excuse
667,0.00045290016514536207,1036,link
668,0.00045258331940166934,1380,primary
669,0.0004523109045007701,669,fast
670,0.00045095457027490954,1919,vote
671,0.00045015037614015355,230,bore
672,0.00044914257742964336,1436,rare
673,0.0004482144793850935,93,animal
674,0.0004477043935262242,1007,large
675,0.0004476996490102663,868,hot
676,0.00044735995088566257,357,company
677,0.0004462579406279329,473,deeply
678,0.00044624110346984706,1752,sun
679,0.0004462285518728223,1667,somebody
680,0.0004450259007827627,1277,particularly
681,0.00044490350160080394,1100,match
682,0.0004448507671488614,652,fail
683,0.00044437017861918127,964,involve
684,0.00044334200888571394,137,atheist
685,0.0004430045350912182,1228,offend
686,0.00044138228201673227,961,intuitive
687,0.00044128056791508725,1475,relation
688,0.0004411681410785289,1691,spiritual
689,0.000440657270117476,916,influence
690,0.0004402828949898942,1220,obsess
691,0.00044024083456384896,219,blow
692,0.00044006979606351737,9,4w3
693,0.0004397431634491552,1918,voice
694,0.000438799936768754,612,evil
695,0.00043727195167287606,884,ideal
696,0.0004366527783602685,583,energy
697,0.00043653744894708765,1294,perc
698,0.00043514406081113753,591,entire
699,0.00043466272154938057,1745,suffer
700,0.0004341752449612492,454,dance
701,0.00043348060446130976,1655,smoke
702,0.0004327499740180787,922,inner
703,0.00043248424568150147,1512,ridiculous
704,0.0004324371213586375,1216,object
705,0.00043234074523379777,1068,luck
706,0.0004318667764936124,283,cause
707,0.00043170909239664335,255,bullshit
708,0.00043147413759496585,1874,uh
709,0.00043118306786849074,1835,tough
710,0.0004311148045922661,1182,near
711,0.0004303192178176748,395,context
712,0.00042992053460071713,942,intense
713,0.00042976915576042814,1543,sarcasm
714,0.000429721820235655,38,accord
715,0.00042916708684890154,477,definition
716,0.0004291565500476267,1676,source
717,0.0004289739482681744,384,connection
718,0.00042851451815540336,1076,main
719,0.0004283976988438855,937,insult
720,0.000428349134337088,1405,provide
721,0.00042399181029953605,663,fan
722,0.0004238210422597478,528,dominant
723,0.0004229812946389021,1131,middle
724,0.0004229046203360534,1698,standard
725,0.00042144653436744614,1637,site
726,0.0004203630776554693,1665,solution
727,0.00041994840335324995,28,ability
728,0.00041885170811827396,80,allow
729,0.0004185474944144512,512,disagree
730,0.00041825036794368344,1190,nervous
731,0.0004181218598794674,1716,straight
732,0.0004180819883334255,97,annoying
733,0.00041767459639350477,1881,understanding
734,0.00041670535607724,1777,taste
735,0.0004163898317393071,1311,phone
736,0.00041487770744689725,872,huge
737,0.0004148584567365239,123,art
738,0.000414775090997071,1089,manner
739,0.00041469338849421796,1355,possibility
740,0.0004146544365377308,1353,position
741,0.00041419296394473254,700,finish
742,0.0004139923659040314,780,grade
743,0.00041393436853179327,873,huh
744,0.0004137247040866865,1454,reasoning
745,0.0004130781131391323,1756,support
746,0.0004127340725688651,369,concern
747,0.00041249014851941124,911,incredibly
748,0.00041235815159748374,1409,public
749,0.0004123395173473181,516,discuss
750,0.0004121029396672911,1389,product
751,0.0004118461924354262,655,fairly
752,0.00041131840609950394,124,article
753,0.0004110080654756472,1563,search
754,0.0004108694935999841,356,community
755,0.0004106449099716893,1121,mental
756,0.0004106434922093631,64,affect
757,0.0004101277727923335,648,facebook
758,0.0004092078397315696,1633,single
759,0.0004088324330711959,1279,party
760,0.00040858966202183595,109,apparently
761,0.0004080689209279037,1462,red
762,0.00040651963186001027,1699,star
763,0.00040579987380372174,1124,merely
764,0.000405541882052303,118,area
765,0.00040508921819967347,1391,professional
766,0.00040441688614380953,944,interact
767,0.00040382732720587415,1382,private
768,0.00040341694739453275,508,direct
769,0.00040304623554066407,1751,summer
770,0.000402926042990571,1500,respond
771,0.0004018785204438739,1310,philosophy
772,0.00040152260500741095,1422,quickly
773,0.00040070321317901164,799,gun
774,0.0004006388646416021,446,cut
775,0.000399491622998248,577,emotionally
776,0.00039937061954118183,539,dress
777,0.00039909174292069015,392,constantly
778,0.00039850721213597804,607,event
779,0.00039774751586946276,1231,offer
780,0.0003974896680487223,1569,seek
781,0.0003969607404661324,890,idk
782,0.000396946031470077,1156,morning
783,0.0003965622431722909,614,exact
784,0.00039641637258535994,233,boss
785,0.00039568252676732606,332,club
786,0.00039417062766866536,653,failure
787,0.0003939277009879481,1647,slightly
788,0.0003935500993727843,588,enneagram
789,0.0003933907407892502,1888,unsure
790,0.00039324358819682777,459,datum
791,0.00039306902693533917,437,crush
792,0.00039290947967918113,336,coffee
793,0.0003927250307687212,1219,observe
794,0.00039245482827844993,1573,sell
795,0.0003915156540322566,1017,lean
796,0.0003914020673419193,907,improve
797,0.0003912854760100369,1869,typically
798,0.00039046859647407205,1365,practical
799,0.0003898319495970731,361,complain
800,0.0003898158214395411,90,and/or
801,0.0003896563754909564,1430,raise
802,0.00038896281141312416,1487,remind
803,0.0003881055626224121,1891,upset
804,0.0003880459289182052,1403,proud
805,0.00038763230591643834,378,conflict
806,0.00038728405432338444,1542,sake
807,0.000386993701640795,1783,teacher
808,0.00038685727451913176,546,dry
809,0.0003866652656511899,383,connect
810,0.0003866203073529786,585,engineering
811,0.0003863974685346088,1567,secret
812,0.00038635581888073347,629,experiment
813,0.00038622372542738666,1263,pain
814,0.00038391214062882107,1460,recommend
815,0.0003838875228311043,54,address
816,0.0003837835770358381,132,asshole
817,0.00038348480423258983,608,eventually
818,0.00038273207241870763,1094,marry
819,0.000382720887532095,803,ha
820,0.00038194499071177445,1799,text
821,0.0003818017184229355,495,develop
822,0.00038142941917892066,165,baby
823,0.000381336895935345,520,disorder
824,0.00038129329783876656,721,forever
825,0.0003808384814470686,18,9w1
826,0.0003805575206033404,177,basic
827,0.00038045687401401073,968,irrational
828,0.0003788191536223271,1781,tea
829,0.000378785551804012,675,favourite
830,0.00037863681928741277,104,anyways
831,0.0003785421060451819,1693,spot
832,0.0003785124365856421,933,instance
833,0.00037833758183519495,272,car
834,0.0003782200244780781,1206,normally
835,0.0003781704975190435,364,complex
836,0.00037797451980306094,380,confused
837,0.0003778873335723744,362,complete
838,0.00037777739153332034,298,chat
839,0.00037772303816788346,1373,present
840,0.00037684365824985585,1144,mix
841,0.00037674158200213387,1935,water
842,0.00037657928756561746,987,jump
843,0.00037644048995906764,214,blame
844,0.00037643056074464817,101,anxious
845,0.0003760862750988233,932,inspire
846,0.00037537603482467046,829,heavily
847,0.0003750123814298804,811,handle
848,0.00037380062065386487,1794,tendency
849,0.0003736090974632266,758,genre
850,0.0003728226195547086,1072,lyric
851,0.0003726512685027273,87,amusing
852,0.0003725184203727423,832,heh
853,0.0003723449393596432,526,dog
854,0.0003720154590726483,1785,tear
855,0.0003716593813295135,1548,scared
856,0.00037125283842148526,1615,shut
857,0.0003707488872880336,1721,strength
858,0.00037041613489388484,525,doctor
859,0.0003693775240426144,1728,structure
860,0.0003690147116025989,1658,socialize
861,0.0003681519667787712,40,accurate
862,0.00036737327371858577,1834,touch
863,0.0003670280987270917,854,hole
864,0.0003665873205174721,1938,weak
865,0.00036631319782065656,1434,rant
866,0.00036530019299959205,1450,reality
867,0.0003652424987455572,1954,wild
868,0.000365195604088878,1281,passion
869,0.0003645674063472331,102,anybody
870,0.00036429992338324747,984,judge
871,0.00036354101909178446,690,field
872,0.0003624994316064553,595,episode
873,0.00036232307054100604,1456,receive
874,0.00036169919914585903,1483,religious
875,0.0003615787233224102,1902,valid
876,0.00036151198809864817,1393,profile
877,0.0003604913919695326,1549,scary
878,0.0003604679095630382,821,hat
879,0.0003602356288128177,174,bar
880,0.0003599594747431606,1796,terrible
881,0.000359832776752967,1973,worker
882,0.0003597959313488497,1580,sensor
883,0.00035975308808204305,623,exercise
884,0.000359656644072275,795,guide
885,0.0003595809754615479,1854,trouble
886,0.00035922229126596406,12,5w6
887,0.000359217941638058,882,ice
888,0.0003590941474779574,688,fiction
889,0.0003590867130314703,1179,naturally
890,0.0003590744976062676,1659,socially
891,0.0003583062242687472,744,fully
892,0.00035693268344113167,146,attractive
893,0.0003563545081367781,341,color
894,0.0003549755207700012,1379,pride
895,0.0003547637017551151,1864,tv
896,0.000354011932664197,73,ahead
897,0.0003533890392536991,1523,rolleye
898,0.00035320925118518664,1552,schedule
899,0.0003531081205509289,1517,risk
900,0.00035234353561908074,50,actual
901,0.0003521258606153615,406,core
902,0.00035199304294645313,620,excited
903,0.0003519072619945429,1886,university
904,0.0003518551794931422,1238,omg
905,0.00035184642399032246,1381,principle
906,0.0003518360915485779,469,decent
907,0.00035131195854304223,1227,odd
908,0.0003510506478531603,1776,task
909,0.000350997769324055,153,avatar
910,0.0003508910879292956,183,beat
911,0.0003504337004182526,1845,travel
912,0.000349805086267248,1991,yep
913,0.0003494859071811251,39,account
914,0.000349180516685961,1360,potential
915,0.0003491058370572043,1254,outcome
916,0.00034894148003545476,1348,poor
917,0.0003488955424029388,256,bully
918,0.00034868578400878205,1080,majority
919,0.00034862583992009504,846,history
920,0.00034832619265018935,1194,news
921,0.00034822618025489243,1846,treat
922,0.00034816275404298686,1910,vibe
923,0.00034778681255344786,81,alot
924,0.00034751781764789507,1714,store
925,0.0003472472059753968,1648,slow
926,0.00034715349419620767,1564,season
927,0.0003469932471250975,545,drunk
928,0.000346638559509454,1225,occasionally
929,0.0003466240372383783,1920,vs
930,0.00034657935688957233,1441,reach
931,0.0003461293580134246,355,communication
932,0.0003460649169549486,1916,visit
933,0.00034565860797003254,1727,strongly
934,0.0003452669256238183,544,drug
935,0.0003449622784172162,1678,sp
936,0.0003446734289943652,1591,sexual
937,0.00034458979799110545,1370,preference
938,0.00034447766329288637,1028,library
939,0.00034442992093277046,1408,psychology
940,0.00034386723035570443,639,extravert
941,0.00034349681181639893,273,card
942,0.00034300738802843874,736,friendly
943,0.0003430036574190571,1884,unique
944,0.00034299769037517624,1963,wise
945,0.0003417792591870445,1704,status
946,0.00034149917688592663,992,kick
947,0.0003414349236880995,1291,peace
948,0.0003414084215450188,1808,thinker
949,0.0003411057852715681,844,hilarious
950,0.0003400444079277485,1383,pro
951,0.0003396478368629271,719,foot
952,0.0003393144865301278,1622,sign
953,0.0003384855947077128,727,forward
954,0.00033837971110579576,1126,message
955,0.00033832896816348524,1463,refer
956,0.0003382506209146414,1175,nail
957,0.0003376928696228793,1762,surprised
958,0.00033741797464254507,900,immediately
959,0.00033738385568571165,1062,loud
960,0.0003372262848109848,814,happiness
961,0.00033716627472329876,401,cook
962,0.0003371487316847465,935,instinct
963,0.0003365969392105149,565,effective
964,0.0003364572782517035,86,american
965,0.0003358311002051445,75,air
966,0.0003357858834729277,295,charge
967,0.0003357464959349118,426,creative
968,0.00033533210679430656,701,fire
969,0.000334955495699861,127,aside
970,0.00033467092487419927,1152,mood
971,0.0003344252587438273,1346,poll
972,0.0003338086929361764,354,communicate
973,0.00033368168829986855,1099,master
974,0.0003333370073729347,387,consequence
975,0.0003332041026515994,1410,pull
976,0.0003325807656110641,335,code
977,0.0003324555585832853,157,aware
978,0.0003320512671731192,1025,letter
979,0.00033141877675917005,223,board
980,0.00033066031501532603,684,fellow
981,0.0003305322018960673,1418,quality
982,0.0003305102930621689,1550,scenario
983,0.00032887249858631494,491,despite
984,0.0003284731639170572,1218,observation
985,0.0003275980926921435,1583,series
986,0.00032734649591048326,1997,yup
987,0.0003273324833583892,1568,section
988,0.0003272060024541559,1350,popular
989,0.0003270189559255763,670,fat
990,0.0003263481274955876,1879,uncomfortable
991,0.0003259965016465872,1771,table
992,0.00032593950955624846,1312,photo
993,0.0003254069655690213,1980,writer
994,0.00032536316840934616,20,:3
995,0.0003249380021747052,1528,roommate
996,0.00032488659552097024,1558,scream
997,0.00032462424443864963,945,interaction
998,0.00032441611515139683,1183,nearly
999,0.00032426006825737,1427,race
1000,0.0003242376611712024,672,fault
1001,0.00032370695995817886,1882,unfortunately
1002,0.0003234553104609224,41,achieve
1003,0.0003226159610731076,679,feed
1004,0.0003222040565440621,379,confuse
1005,0.00032218903529067497,444,current
1006,0.00032158635112349373,1983,wtf
1007,0.0003213334941131838,1280,pass
1008,0.00032132150533540976,1560,screw
1009,0.0003212163332879773,563,education
1010,0.00032107199319176915,277,carry
1011,0.000320971273572373,68,aggressive
1012,0.0003208514466481022,731,french
1013,0.0003207787009546243,375,confidence
1014,0.00032064108927165163,1738,subjective
1015,0.00032021133718610086,1896,useless
1016,0.00032006023881092486,306,childhood
1017,0.0003198738765460584,1318,pic
1018,0.0003197211000192559,1840,train
1019,0.0003193033376211955,1744,suddenly
1020,0.00031919203774566216,222,blush
1021,0.00031857655585182344,76,album
1022,0.00031856985940329944,394,content
1023,0.0003182774158003245,1491,report
1024,0.0003182269044945433,951,interpret
1025,0.0003182111999417209,344,combine
1026,0.0003179593953168335,1623,signature
1027,0.00031791146438187127,706,flaw
1028,0.00031786211119529714,776,gosh
1029,0.00031744648339959095,1502,responsibility
1030,0.00031699355846095197,376,confident
1031,0.0003167093731277529,1394,program
1032,0.00031622050496372386,837,helpful
1033,0.000315361888223817,88,analysis
1034,0.0003149685487557599,761,genuinely
1035,0.0003149400727847702,189,beginning
1036,0.0003148793951908576,1092,marriage
1037,0.0003145322973686349,531,double
1038,0.00031449095813360697,237,box
1039,0.00031397316180864347,1375,pretend
1040,0.00031367178320255084,1317,piano
1041,0.00031271784714052695,343,combination
1042,0.0003126807139234341,1165,multiple
1043,0.0003124209352176733,819,harry
1044,0.0003123248693116566,1578,sensing
1045,0.0003112735334948216,485,depth
1046,0.00031047279179057864,294,characteristic
1047,0.00031044239679212067,416,cousin
1048,0.0003104416144687052,1105,mature
1049,0.0003103662341181068,1769,sx
1050,0.00031017804886402376,238,boy
1051,0.0003098723079551621,570,elaborate
1052,0.0003098449059339151,1996,youtube
1053,0.0003096552994551272,440,culture
1054,0.00030887697189119125,1446,ready
1055,0.00030844685217285906,879,husband
1056,0.00030842997014027344,1890,update
1057,0.0003079359318820996,1285,path
1058,0.00030746101374093344,366,compliment
1059,0.0003067405337866672,79,alive
1060,0.000305997338581733,609,everybody
1061,0.00030577703406086467,1546,scale
1062,0.0003055834396288737,625,existence
1063,0.00030459943386208365,161,awful
1064,0.00030413211356681327,1074,mad
1065,0.00030408493698558736,188,begin
1066,0.00030355666160654447,1457,recent
1067,0.00030281455058298116,751,gather
1068,0.0003025591351035727,1021,left
1069,0.00030255524351908064,1595,shall
1070,0.00030242796822525656,971,jack
1071,0.00030186723632823643,186,bed
1072,0.0003018260263055834,1761,surprise
1073,0.0003014608764452284,596,equal
1074,0.00030109316447972704,599,escape
1075,0.00030073134942967144,1604,shirt
1076,0.0003004644722583526,1298,perfectly
1077,0.00030033143892979044,1492,represent
1078,0.0003000652905780106,1054,longer
1079,0.00030004524619899357,833,hehe
1080,0.0003000194076074604,275,career
1081,0.00029978233086066277,1624,significant
1082,0.0002993732725242955,1244,opportunity
1083,0.00029934305929773614,1993,yesterday
1084,0.00029871482889116583,912,independent
1085,0.00029791331371063166,929,insight
1086,0.0002978630216808858,1930,war
1087,0.00029754277304660056,1438,rate
1088,0.00029713232239330934,201,bias
1089,0.00029648236927180073,82,alright
1090,0.0002962691271084762,849,hm
1091,0.0002962290569437696,630,expert
1092,0.00029616231457588155,917,info
1093,0.0002959356791011241,1160,mountain
1094,0.00029574498619831883,638,extra
1095,0.0002957343430485767,604,esteem
1096,0.00029568943806229983,1173,mystery
1097,0.00029567860457277944,60,adult
1098,0.0002956160427588744,1290,pc
1099,0.0002954529409022784,976,jesus
1100,0.00029509952422003994,250,btw
1101,0.0002949627417870632,103,anymore
1102,0.00029482736320959814,1572,selfish
1103,0.00029402807154232247,1619,sick
1104,0.000293634512422155,16,7w8
1105,0.000293600239799319,943,intention
1106,0.0002935454197984054,1335,plot
1107,0.00029341976314148247,1257,overall
1108,0.00029271701971885964,1765,suspect
1109,0.0002926276843664811,712,fly
1110,0.00029247122727824867,906,impression
1111,0.0002924644272482282,279,casual
1112,0.00029236717982613876,1507,return
1113,0.0002922560354352854,1406,psychological
1114,0.00029192745364017895,197,best
1115,0.0002916544686796106,635,expression
1116,0.00029109836377293023,46,active
1117,0.0002907829578374956,824,health
1118,0.00029065109624641715,905,impossible
1119,0.00029057774877197653,271,capable
1120,0.00029052588941015547,312,christian
1121,0.00028912630551633295,529,dominate
1122,0.00028898378907239627,259,burn
1123,0.00028856546246528987,535,drama
1124,0.00028843676867566347,999,kitteh
1125,0.00028749817992811957,852,hobby
1126,0.0002873428284266674,1489,repeat
1127,0.00028714268483336287,1461,record
1128,0.00028651651004864834,331,cloud
1129,0.00028634708198082344,420,crap
1130,0.0002858950033331704,1459,recognize
1131,0.00028565005001277883,164,aww
1132,0.00028561659613321846,800,gut
1133,0.00028558384629861827,573,email
1134,0.00028489829950685504,503,differently
1135,0.0002844430663249206,1870,typing
1136,0.0002843710759273592,122,arrogant
1137,0.0002843623674003589,1392,professor
1138,0.00028381820290402813,1627,silly
1139,0.00028373614183846934,1816,till
1140,0.0002834978023942861,762,german
1141,0.00028314482497621146,568,ego
1142,0.00028260022933141284,817,hardly
1143,0.00028251203464645135,1749,suit
1144,0.00028249033054518474,1464,reference
1145,0.0002818878260606136,522,distance
1146,0.0002812043681804451,316,circumstance
1147,0.00028088973479426313,1686,speed
1148,0.00028085150798650164,1959,wing
1149,0.0002805192145483467,1445,reading
1150,0.0002802850512334262,139,attack
1151,0.00028015293993046737,1653,smell
1152,0.000280024338056677,324,clean
1153,0.00027984391963913323,1521,role
1154,0.0002794918063653113,767,girlfriend
1155,0.0002794421556199266,1125,mess
1156,0.00027939776350849603,208,birthday
1157,0.00027885105417680615,723,forgive
1158,0.0002788157282853438,15,7w6
1159,0.00027868464995246144,1417,puzzle
1160,0.00027785512331150015,300,cheat
1161,0.00027764862297092487,1836,town
1162,0.0002765867772354594,1965,withdraw
1163,0.0002762154936880596,489,design
1164,0.0002759853359514839,1772,talent
1165,0.0002759425048944365,479,delete
1166,0.00027591444549608104,509,direction
1167,0.00027525465936048126,244,brilliant
1168,0.0002751455779225398,550,dunno
1169,0.0002748281046436464,1928,wanna
1170,0.0002745178192746975,1300,period
1171,0.00027395852576480906,616,exam
1172,0.00027380188471056295,1412,pure
1173,0.0002733747027386909,179,basis
1174,0.000273005749597157,1985,ya
1175,0.00027292586196778006,618,excellent
1176,0.0002725894456137698,56,admire
1177,0.00027237543812105364,1684,specifically
1178,0.00027224875164988464,760,genuine
1179,0.0002721812171872595,1336,plus
1180,0.0002719541732020515,77,alcohol
1181,0.0002718209886723973,1366,practically
1182,0.00027165814964204055,1079,major
1183,0.0002712370356961067,85,america
1184,0.0002711154417018833,1740,success
1185,0.0002705310394800493,1102,material
1186,0.0002703402917032397,1048,lock
1187,0.00026994481986766474,1905,vary
1188,0.0002692908455523452,1286,patience
1189,0.0002692521649041527,740,frustrating
1190,0.0002690927041253745,303,chemistry
1191,0.00026855233691358863,1374,pressure
1192,0.0002684264150318827,1851,trip
1193,0.00026818850020725657,1171,myers
1194,0.0002678024707090061,1044,lmao
1195,0.00026767481337149984,1453,reasonable
1196,0.0002676514694053528,242,briggs
1197,0.0002666463384085805,1469,regret
1198,0.00026638560810127664,1632,sing
1199,0.00026563333668522726,967,irl
1200,0.0002645731812838871,1339,poetry
1201,0.0002643110617203459,925,insane
1202,0.00026423245719276974,1093,married
1203,0.00026414200163170983,1154,moral
1204,0.00026363683590010595,1663,soft
1205,0.00026336872795880705,1865,twice
1206,0.0002632631206268156,1904,variety
1207,0.0002631647507311244,309,chocolate
1208,0.00026286206542490946,72,ah
1209,0.00026272107786807895,1485,remain
1210,0.00026237321070908293,1518,road
1211,0.0002622660468601545,58,adorable
1212,0.0002620060515623725,1270,paper
1213,0.000261896367062129,1189,nerd
1214,0.0002618747615630754,1448,realise
1215,0.00026178108663354153,633,explore
1216,0.00026176841799755416,1768,switch
1217,0.0002613293481797196,1498,resource
1218,0.00026128369079794067,728,freak
1219,0.0002606814126871055,537,drawing
1220,0.00026061653177337064,1109,meaningful
1221,0.00025999356328007187,1067,loyal
1222,0.0002599932044918184,17,8w7
1223,0.00025979157041552226,1153,moon
1224,0.00025975609901974936,699,finger
1225,0.0002597148697496269,1332,player
1226,0.0002596757458976491,1661,socionic
1227,0.0002595412428366736,1136,minded
1228,0.00025947871011087483,192,behaviour
1229,0.0002594708235514836,1398,prone
1230,0.00025942593272286875,927,insecurity
1231,0.00025897074361283686,1824,tomorrow
1232,0.0002584540750496409,262,busy
1233,0.0002579181452097994,1344,politic
1234,0.0002578189445546071,1592,sexy
1235,0.0002577607797186156,1057,loose
1236,0.0002573204495637025,1944,weed
1237,0.00025730629280279493,1999,zone
1238,0.0002572832046620521,1056,loop
1239,0.0002571650918380167,578,empathy
1240,0.00025705710772320806,1449,realistic
1241,0.0002569692413310127,32,absorb
1242,0.0002565090785441669,510,directly
1243,0.0002563510605651288,190,behave
1244,0.00025633461969804406,557,earth
1245,0.00025624609531520046,1255,outgoing
1246,0.00025595848187645343,107,apologize
1247,0.0002557123124464929,1873,ugly
1248,0.00025513980993638547,941,intend
1249,0.0002550912694008885,1952,wife
1250,0.00025500082109536316,171,ball
1251,0.0002548641376336433,856,holy
1252,0.0002545130876429305,659,false
1253,0.0002542930416814616,328,click
1254,0.0002542669885092497,507,dinner
1255,0.00025396023468648266,1251,orient
1256,0.0002538061310632792,1488,remove
1257,0.0002537581047719573,145,attraction
1258,0.0002534581147855672,397,contribute
1259,0.00025290177081196556,1700,stare
1260,0.0002525779876142799,1718,stranger
1261,0.0002525114935043142,1091,mark
1262,0.00025249131881396625,193,belief
1263,0.0002524625321329923,1664,solid
1264,0.0002524547246973215,1425,quiz
1265,0.0002520414229195482,260,bus
1266,0.0002519984156290673,988,jung
1267,0.0002519906214262528,881,i.e.
1268,0.00025122650146497193,732,frequently
1269,0.0002512235324228692,1221,obsession
1270,0.0002507605402839503,1766,swear
1271,0.0002505631155473773,315,circle
1272,0.00025024535674375266,36,accidentally
1273,0.00025016924074390816,1283,passive
1274,0.00024928607614042766,1598,shape
1275,0.00024903501739925233,1986,yay
1276,0.0002488088352192071,1695,stack
1277,0.0002486992487351155,347,comfort
1278,0.00024832681867918016,1602,sherlock
1279,0.00024797699801594914,830,heavy
1280,0.0002477466633171408,452,daily
1281,0.00024722956463659807,218,blood
1282,0.0002467873291336489,657,fake
1283,0.0002465245597588074,1397,promise
1284,0.00024621317787591935,1147,modern
1285,0.0002461332468061894,0,'d
1286,0.0002460857705454471,667,fascinating
1287,0.0002460324237636751,1634,sir
1288,0.0002460178450304074,1541,safe
1289,0.0002459179204472623,1043,living
1290,0.0002459075920435133,210,bitch
1291,0.00024580782195277674,589,enter
1292,0.00024580227590431723,1086,manipulate
1293,0.00024569380346856263,923,innocent
1294,0.0002456653458804274,645,extroverted
1295,0.00024539896118353025,105,apart
1296,0.00024523147957241585,1603,shift
1297,0.00024515911693123775,1741,successful
1298,0.00024505288895169437,1040,literature
1299,0.0002448118149504561,808,hair
1300,0.0002447305942717645,1016,leader
1301,0.00024460473853658767,956,introversion
1302,0.0002443040579171315,1906,vent
1303,0.00024401346178160946,1226,occur
1304,0.0002437826459641218,1877,um
1305,0.00024317189623480228,62,adventure
1306,0.00024308954848607328,1322,pink
1307,0.00024306655554626297,323,classical
1308,0.00024285671936063533,1736,sub
1309,0.00024280032377814833,1649,slowly
1310,0.00024279991860119587,206,bird
1311,0.00024229680004396174,126,artistic
1312,0.0002422584525272544,1926,wall
1313,0.00024212570013683763,789,grey
1314,0.00024189163774239448,492,destroy
1315,0.00024145340107272663,1690,spirit
1316,0.0002414014786698361,391,constant
1317,0.00024110690300675104,1411,punch
1318,0.00024107710094516366,158,awareness
1319,0.00024089902362920491,342,colour
1320,0.00024070591551100606,26,^^
1321,0.00024069038346636936,1191,ness
1322,0.00024040066260764731,1442,react
1323,0.00024039728221869006,632,explanation
1324,0.00024031961932391224,226,bold
1325,0.0002402829661987191,307,chill
1326,0.00024020836604068428,1547,scar
1327,0.0002401955901316134,1077,mainly
1328,0.0002401000855743249,894,illness
1329,0.0002400636372898207,488,deserve
1330,0.00023991903837937114,1342,police
1331,0.00023985371559865587,1625,silence
1332,0.0002397853014576188,94,anime
1333,0.00023949824472929826,664,fantastic
1334,0.00023925299411334887,1687,spell
1335,0.00023924356886005193,1065,lover
1336,0.00023883178314397578,1640,sj
1337,0.00023877029150908276,352,commitment
1338,0.00023849241281751501,866,horror
1339,0.0002383628948382588,1192,neutral
1340,0.00023834330896648783,798,guitar
1341,0.00023821512455201782,1522,roll
1342,0.00023820711460449562,1245,oppose
1343,0.0002377525484447079,166,background
1344,0.00023764029349619516,1947,weight
1345,0.00023762007848162172,1466,refuse
1346,0.00023752414607661188,660,familiar
1347,0.00023718200023366823,83,alternative
1348,0.00023674154644243582,204,bill
1349,0.00023656612910636575,1857,trump
1350,0.00023633242685963056,1606,shitty
1351,0.00023628475231999752,1433,range
1352,0.00023621477953963182,436,crowd
1353,0.00023616599851783822,1530,rough
1354,0.00023604338673696175,875,humanity
1355,0.00023580051426819036,1117,meh
1356,0.000235720372235701,168,badly
1357,0.00023571666894033449,1424,quit
1358,0.00023568317807560142,1333,pleasure
1359,0.00023555015715031105,1838,track
1360,0.00023513504457495913,121,arm
1361,0.00023497641141245678,276,careful
1362,0.00023490703992320568,913,indicate
1363,0.00023469411598665303,1643,skip
1364,0.0002346478267006643,1161,mouth
1365,0.0002345422490844697,69,agnostic
1366,0.00023434030982677872,1484,rely
1367,0.0002341367312290659,1143,misunderstood
1368,0.00023384407085436448,185,beauty
1369,0.00023376963161303,598,error
1370,0.00023348637193081759,1296,perception
1371,0.00023302553387764824,422,crave
1372,0.00023279145098591025,1828,tonight
1373,0.00023275182121146033,1725,strike
1374,0.00023234260265063512,1274,park
1375,0.00023215391740871976,170,balance
1376,0.00023206767926263426,1253,originally
1377,0.00023201284942819364,439,cuddle
1378,0.000231891328832717,637,external
1379,0.0002318398820141818,534,drain
1380,0.00023177950973472374,1866,twin
1381,0.00023142548004636575,34,abuse
1382,0.00023109952437720717,1790,teenager
1383,0.00023066296909668243,1071,lurk
1384,0.00023056162772000621,1266,painting
1385,0.00023040156389072028,752,gay
1386,0.00023038150799697,1516,rise
1387,0.00023037658271966974,920,initially
1388,0.00022988554833639787,1588,setting
1389,0.00022980115160717255,1946,weekend
1390,0.00022971010364554592,1710,stereotypical
1391,0.0002294796473694432,1848,trend
1392,0.00022946885594173639,1299,perform
1393,0.0002292433363052744,1957,wind
1394,0.0002290261478677336,65,affection
1395,0.00022892325310777982,1747,suggestion
1396,0.00022888892814664527,861,honesty
1397,0.00022866488595397693,1415,pursue
1398,0.00022863455830456902,689,fictional
1399,0.00022862925229381054,169,bag
1400,0.0002282983269187271,851,hmmm
1401,0.00022826515732943635,978,john
1402,0.00022807938778422702,1022,leg
1403,0.0002279728922174258,427,creativity
1404,0.00022775185647361132,788,green
1405,0.00022772623247573575,1455,recall
1406,0.00022737315554937818,1069,lucky
1407,0.00022711640028675283,1533,rude
1408,0.00022700970626689327,1724,stressful
1409,0.00022673621370625878,143,attitude
1410,0.00022630437851442223,864,hopefully
1411,0.0002256849405576696,524,distract
1412,0.00022559863268666408,1271,paragraph
1413,0.00022502120029140786,1593,shadow
1414,0.00022465576435994771,151,auxiliary
1415,0.00022456728623140504,1122,mentally
1416,0.00022397248215667644,1819,tip
1417,0.0002239353673215479,373,condition
1418,0.00022390973887985557,1712,stone
1419,0.00022378044998573032,290,channel
1420,0.00022376253865742334,1958,window
1421,0.0002237574013977319,112,appearance
1422,0.0002236016026823498,417,cover
1423,0.00022343415296391609,205,biology
1424,0.00022326230649121734,1268,panic
1425,0.00022312747665407932,334,co
1426,0.0002226945583736422,411,cost
1427,0.00022240672797338968,1002,label
1428,0.0002218399515940602,1013,lay
1429,0.00022182327054965886,284,center
1430,0.00022160226444520873,320,clash
1431,0.0002214272759655353,521,display
1432,0.00022111329984190247,175,barely
1433,0.0002210299579332623,765,gift
1434,0.00022098029064881734,1644,sky
1435,0.00022097616698095137,448,cuz
1436,0.00022090600277574395,1132,mile
1437,0.00022082826605665477,1763,surround
1438,0.00022053016732574333,621,exciting
1439,0.00022037326729271555,1899,usual
1440,0.0002203623302329464,148,author
1441,0.00022026979496536447,1805,therapy
1442,0.00021998338436336946,322,classic
1443,0.00021969148566581046,1871,typology
1444,0.0002195498904321912,997,king
1445,0.00021923088362643846,450,cynical
1446,0.0002191840171203534,710,flow
1447,0.00021911102637235016,251,buddy
1448,0.00021903796439107375,149,authority
1449,0.00021900047897687065,1511,ride
1450,0.00021895388557907963,820,harsh
1451,0.00021868542795881556,1559,screen
1452,0.00021854029112545797,254,building
1453,0.00021811486460368497,474,defend
1454,0.0002178577206468278,1822,tmlt
1455,0.00021785579856475955,1313,phrase
1456,0.00021777142164793614,460,daughter
1457,0.000217718620638164,902,impact
1458,0.0002176396259996668,1626,silent
1459,0.00021715086141424765,1113,meditation
1460,0.0002170689586214541,91,anger
1461,0.00021632838213950708,649,facial
1462,0.0002160708971138702,1618,sibling
1463,0.00021578317803966677,264,button
1464,0.000215379896237189,1696,stage
1465,0.00021513502520258574,8,3w4
1466,0.0002148888436256718,418,coworker
1467,0.00021488720230552135,1612,shot
1468,0.00021457970211599504,572,elementary
1469,0.0002144571110497948,1915,vision
1470,0.00021441709517748788,998,kiss
1471,0.00021434031722128956,1594,shake
1472,0.00021431401103300874,1023,lesson
1473,0.000214255864266286,1802,theme
1474,0.00021425510615993176,1532,routine
1475,0.0002142046198632792,556,earn
1476,0.0002141331969200085,877,humour
1477,0.00021379905764376837,1118,mellow
1478,0.00021345452101463667,597,equally
1479,0.0002130810878244032,547,dude
1480,0.00021277857440381,930,insightful
1481,0.00021251982439581603,382,confusion
1482,0.00021220428596195362,896,imagination
1483,0.00021220018233373948,402,cookie
1484,0.0002121923422473514,1167,murder
1485,0.00021203630604005154,1917,visual
1486,0.00021200907971295413,1582,separate
1487,0.00021200619654414884,777,got
1488,0.0002117567609962915,13,6w5
1489,0.00021168818427011265,530,door
1490,0.0002112811636444124,216,block
1491,0.00021080036614112867,730,freedom
1492,0.000210754263395372,500,differ
1493,0.0002104986485921941,1361,potter
1494,0.00021001337974027188,1359,poster
1495,0.00021001205664870307,494,determine
1496,0.00020983131508055174,1614,shower
1497,0.00020965780557607338,708,flirt
1498,0.00020962349468399628,1720,street
1499,0.00020957556789086417,974,jean
1500,0.0002092216522582465,1199,nightmare
1501,0.00020914157857397655,955,introduce
1502,0.00020876050760450758,1825,ton
1503,0.00020870884019505897,584,engage
1504,0.0002086913476533703,1401,properly
1505,0.0002085610861289202,1509,rich
1506,0.00020782647229740866,831,heck
1507,0.00020737243258391432,1921,vs.
1508,0.0002071586029550999,59,adore
1509,0.00020627787570347733,1134,milk
1510,0.00020614767693245402,187,beer
1511,0.00020600765506923968,1941,weather
1512,0.00020579022895378534,198,bet
1513,0.00020557040405148088,1420,questionnaire
1514,0.00020539796320028246,129,asleep
1515,0.00020525611749265204,1961,winter
1516,0.0002049132288155812,1367,practice
1517,0.00020480721265826144,1363,powerful
1518,0.00020435637139808868,1308,phase
1519,0.00020405541529581867,1177,native
1520,0.00020389552015562693,1402,protect
1521,0.00020388938103240827,1472,reject
1522,0.0002037665693130612,1371,prepare
1523,0.00020360796401239594,1258,overcome
1524,0.00020360234174580371,431,crisis
1525,0.0002033023688976495,936,instrument
1526,0.00020323961546194486,30,absolute
1527,0.00020299249745483496,1315,physically
1528,0.00020291371512804759,1505,restaurant
1529,0.00020196843365750662,377,confirm
1530,0.00020123915573605266,739,frustrated
1531,0.0002011942668823293,1267,pair
1532,0.00020109840349144602,1987,yea
1533,0.0002009052292806065,673,favor
1534,0.0002007882383818325,1479,relax
1535,0.00020073868785625435,1849,trick
1536,0.00020045379103598263,1551,scene
1537,0.00020026061110915534,1601,shell
1538,0.0002002580955671161,330,clothe
1539,0.00019991316584886868,53,addict
1540,0.0001999007446823943,215,blind
1541,0.0001987876449066062,1467,regard
1542,0.00019828827965385866,1399,proof
1543,0.00019790478064535895,296,charming
1544,0.00019776717232539812,1211,novel
1545,0.00019769660674957213,1540,sadness
1546,0.0001972766557320243,480,demand
1547,0.00019696874650835177,1259,overly
1548,0.00019680902106570356,542,driver
1549,0.00019675619519379567,668,fashion
1550,0.00019655821246981154,804,habit
1551,0.00019635799872963795,314,church
1552,0.0001957919926031949,386,consciousness
1553,0.00019573918813892258,1529,root
1554,0.00019573773201909297,1544,sarcastic
1555,0.00019537930448836684,855,holiday
1556,0.0001951216319921424,428,creature
1557,0.00019476786979767975,419,crack
1558,0.00019446499786261913,772,gold
1559,0.0001943858962923654,1524,romance
1560,0.00019434275530081572,695,final
1561,0.0001940151324143602,235,bottle
1562,0.00019381585635290876,1248,orange
1563,0.00019346583935616818,888,identity
1564,0.00019322125026619623,229,borderline
1565,0.00019322073759233318,1139,mirror
1566,0.00019309303738102954,252,bug
1567,0.0001927347010846578,1669,son
1568,0.0001926752355256915,1116,meeting
1569,0.00019247270202268698,1788,technology
1570,0.0001923385810737319,1477,relative
1571,0.00019231979148112566,1706,steal
1572,0.0001921849064269061,1250,organize
1573,0.00019201942981728875,433,criticism
1574,0.00019199721091393504,1078,maintain
1575,0.00019175345276424254,435,cross
1576,0.00019165405009129174,3,1w2
1577,0.00019127594104265052,954,intimidate
1578,0.00019108368753094603,551,dynamic
1579,0.00019106123062835313,1832,total
1580,0.00019098650230048905,865,horrible
1581,0.00019095068011638753,636,extent
1582,0.00019091475134785064,1275,participate
1583,0.00019083624727144445,506,dig
1584,0.000190710449257463,989,justice
1585,0.00019046782035316546,1337,pm
1586,0.00019040813014816198,1775,tapatalk
1587,0.00019040454067574186,113,apple
1588,0.000190181258324858,973,jealous
1589,0.00019009808360993384,1096,mask
1590,0.00018991583083010147,718,fool
1591,0.00018956808921962397,601,essay
1592,0.00018922504568826988,549,dump
1593,0.0001889375418012794,602,essentially
1594,0.00018859089356163244,514,disappointed
1595,0.00018821426565183096,1112,medication
1596,0.00018804988594203865,926,insecure
1597,0.00018749413602601642,643,extroversion
1598,0.00018732136822296113,1837,toy
1599,0.00018651625642515283,1585,serve
1600,0.0001863741585250427,152,available
1601,0.0001856461021941098,1292,peer
1602,0.00018551940518909014,1264,painful
1603,0.0001854341895025037,1534,ruin
1604,0.0001851729548025845,898,immature
1605,0.00018505856196484542,1128,metal
1606,0.00018475178272305746,513,disappear
1607,0.00018443300182703713,381,confusing
1608,0.00018428030934850457,790,ground
1609,0.00018424617167739268,880,i'm
1610,0.0001840811031333529,110,appeal
1611,0.0001839321009666892,1927,wander
1612,0.00018392625685948675,74,aim
1613,0.00018371206208323053,1282,passionate
1614,0.0001834961732440198,1095,masculine
1615,0.0001834347503798053,247,broad
1616,0.00018320986391763826,1939,weakness
1617,0.00018298013790452188,410,correlation
1618,0.00018292590330467714,707,flip
1619,0.00018278828167021094,1351,population
1620,0.00018264640711651768,385,conscious
1621,0.00018264566437322684,953,interview
1622,0.00018232456633154916,172,ban
1623,0.00018204596261054906,1047,location
1624,0.00018184263665007905,351,commit
1625,0.00018179650279638498,33,abstract
1626,0.0001815421979812335,1087,manipulation
1627,0.00018146013030777955,1887,unknown
1628,0.00018121964285326898,858,homework
1629,0.00018116512872589478,627,expectation
1630,0.00018097626720519957,1265,paint
1631,0.00018096695862842454,1388,produce
1632,0.000180398104673274,1786,tease
1633,0.00018016725349521252,523,distant
1634,0.00017991349482726241,1723,stressed
1635,0.000179783897319676,1589,settle
1636,0.00017959681195540232,1685,speech
1637,0.00017948565758385212,1966,witty
1638,0.00017915261566226002,782,grammar
1639,0.0001790000950243329,1045,load
1640,0.00017898243110152343,349,comic
1641,0.00017894233206789393,7,3w2
1642,0.00017889087577297922,1818,tiny
1643,0.00017881874486312007,1098,massive
1644,0.00017879094917726984,430,creepy
1645,0.0001779279739296861,579,encounter
1646,0.0001777754819470126,1146,model
1647,0.00017756818716035472,949,internal
1648,0.00017751286370724418,959,intuitif
1649,0.00017749440121180701,919,initial
1650,0.00017712416263733168,1839,traditional
1651,0.00017657052990377524,552,e.g.
1652,0.0001764849235410794,1497,resonate
1653,0.00017643284659175015,390,consistent
1654,0.00017613125219466893,1893,urge
1655,0.00017580739577564361,1090,map
1656,0.00017579369477983828,1347,ponder
1657,0.00017576915525346478,405,copy
1658,0.000175415332853819,769,glass
1659,0.00017521920032283444,1537,rush
1660,0.00017514166315725193,1162,movement
1661,0.0001748624318393493,282,category
1662,0.00017470439361257062,972,japanese
1663,0.00017470057694249003,327,clever
1664,0.00017382539376241418,147,attribute
1665,0.00017343232493891657,952,interpretation
1666,0.00017325664602203813,1378,previous
1667,0.00017294309268290343,1142,mistyp
1668,0.00017263692506179178,1789,teen
1669,0.00017263097140286722,924,input
1670,0.0001721726828189076,1608,shoe
1671,0.00017200132550184439,1872,ugh
1672,0.0001719585382889133,1400,proper
1673,0.00017194311820256544,680,feedback
1674,0.00017136613191482365,1413,purple
1675,0.0001712584752701082,246,bro
1676,0.0001710425044628857,1224,occasion
1677,0.00017104203263247416,267,cake
1678,0.00017029903780181824,1656,snow
1679,0.00016990039561472269,1759,surely
1680,0.00016981268403741274,1514,ring
1681,0.0001697900094592023,1787,technically
1682,0.0001693638372444173,1994,yo
1683,0.00016916838547529272,1911,vice
1684,0.00016893949697984397,319,clarify
1685,0.0001688114221637122,725,forth
1686,0.00016857240194888972,1562,sea
1687,0.0001685700094744946,1201,noise
1688,0.00016788212444094816,1307,pet
1689,0.00016772844605749134,1377,prevent
1690,0.0001675523229148726,496,development
1691,0.00016736392020538798,455,dangerous
1692,0.00016732788063578014,257,bump
1693,0.0001667833910510012,519,disney
1694,0.00016675335782157584,1429,rain
1695,0.00016670659785569526,1387,procrastinate
1696,0.00016667217050337268,505,difficulty
1697,0.00016632631432877176,749,gain
1698,0.00016623429047964877,1215,o.o
1699,0.00016604444173836313,1407,psychologist
1700,0.0001658742253691058,640,extraverted
1701,0.0001658433795216715,1166,mum
1702,0.00016581308606962024,1240,oops
1703,0.00016565164376847852,1260,overwhelming
1704,0.00016560958030364516,1372,presence
1705,0.00016555919463294102,1325,pizza
1706,0.0001648309126950796,1269,pant
1707,0.00016459288705200054,297,chase
1708,0.00016415773850516995,1432,randomly
1709,0.00016367167697446585,1639,size
1710,0.00016359067143847974,1576,senior
1711,0.00016345817810335388,554,earlier
1712,0.00016343182645590137,1621,sight
1713,0.00016330779005629611,1730,stubborn
1714,0.00016327021225480954,686,feminine
1715,0.0001631736115283894,365,complicated
1716,0.00016313142310477125,1075,magic
1717,0.00016304890223568287,481,deny
1718,0.0001629911975347506,42,acknowledge
1719,0.00016235773544245744,407,corner
1720,0.0001621132494037959,1922,vulnerable
1721,0.00016184640437629988,200,bf
1722,0.0001618331474378782,1172,mysterious
1723,0.00016167028543882686,339,collect
1724,0.00016135527476270458,1850,trigger
1725,0.00016121107756256653,1184,neat
1726,0.00016111482476250356,610,everyday
1727,0.00016106149957474767,370,concerned
1728,0.00016069046042213565,1754,superficial
1729,0.00016035197453332314,1620,sigh
1730,0.00016014264823584475,1145,mode
1731,0.00015986852116392177,299,cheap
1732,0.00015938564563202352,1309,philosophical
1733,0.00015913128470895942,304,chicken
1734,0.000159112756855783,1073,machine
1735,0.00015909567768064188,1826,tone
1736,0.000159075727091978,1531,round
1737,0.000158835087062925,715,folk
1738,0.00015813440886226378,1230,offensive
1739,0.000157860434289963,1774,tall
1740,0.00015764318051689587,1998,zombie
1741,0.00015748194780551317,27,^_^
1742,0.00015738337276658632,1478,relatively
1743,0.00015695686793579827,432,critical
1744,0.00015562867905094492,921,initiate
1745,0.00015562688739742097,1830,tooth
1746,0.00015527100289118315,424,cream
1747,0.0001551027540996987,619,exception
1748,0.000154994015430971,221,blunt
1749,0.00015490533719160333,1607,shock
1750,0.00015482338186336347,6,2w1
1751,0.00015479714432158778,1739,subtle
1752,0.00015462459277286073,217,blog
1753,0.00015446776396023376,569,eh
1754,0.00015423822987881602,991,key
1755,0.00015400900111224602,1088,manipulative
1756,0.0001538289808061459,1970,wood
1757,0.00015380620031633382,133,associate
1758,0.00015369295196354172,1324,pissed
1759,0.0001536364536525188,1395,progress
1760,0.00015349940119096378,1496,reserved
1761,0.00015326561407784736,372,concrete
1762,0.00015295576861584903,1586,service
1763,0.00015246720122944244,141,attend
1764,0.00015223245690121814,1631,sincerely
1765,0.00015093185834632163,1046,local
1766,0.00015048521447690795,5,2nd
1767,0.00014999759935133586,1060,loss
1768,0.00014944489460687763,893,ill
1769,0.00014929954100771276,1070,lunch
1770,0.00014908662661008816,360,competitive
1771,0.00014864201074003778,243,bright
1772,0.00014848250829246345,108,apology
1773,0.00014841204064965026,461,david
1774,0.00014803892332663034,1097,mass
1775,0.0001479163478726673,138,attach
1776,0.00014740427842195085,1130,mid
1777,0.00014735106607059297,711,flower
1778,0.00014715294793356856,1110,measure
1779,0.00014686047723056186,227,bond
1780,0.00014681615599740973,899,immediate
1781,0.00014676751141605034,741,frustration
1782,0.00014671654625705106,1847,tree
1783,0.00014666723428027092,162,awhile
1784,0.00014659031631904148,867,horse
1785,0.00014655574297965602,1204,norm
1786,0.00014627499240109585,333,clue
1787,0.0001462043934247958,150,automatically
1788,0.00014611254019838093,962,invest
1789,0.00014596769872866227,1084,manager
1790,0.00014584542432028404,1609,shoot
1791,0.0001457017390013987,1329,planet
1792,0.00014565160320233108,1058,lord
1793,0.00014520376459829475,96,annoyed
1794,0.0001449782323475886,981,journal
1795,0.00014475339661252845,1471,regularly
1796,0.00014447900998052399,37,accomplish
1797,0.0001444651485549021,117,appropriate
1798,0.00014438161477865654,571,element
1799,0.0001442514543664775,511,dirty
1800,0.00014408349802774625,1566,secondary
1801,0.00014402316381160768,678,feature
1802,0.00014337931752178684,269,camera
1803,0.00014333791956619617,442,curiosity
1804,0.0001432692117621531,656,faith
1805,0.00014292647914198198,1861,tumblr
1806,0.00014280707531349278,43,acquaintance
1807,0.00014243822369685788,714,focused
1808,0.0001420962275254917,1932,warning
1809,0.00014207962010431198,1508,reveal
1810,0.00014204153858642717,1662,socionics
1811,0.00014158583002808701,1841,training
1812,0.0001414185368300685,359,comparison
1813,0.00014141106231582444,1909,versus
1814,0.00014089492190282697,1936,wave
1815,0.0001407809291541598,1390,productive
1816,0.00014051848135930662,1232,office
1817,0.00014037667028636572,574,embrace
1818,0.0001401209751438375,1364,ppl
1819,0.0001398964892571024,1101,mate
1820,0.00013980619616211362,313,christmas
1821,0.0001396230662507933,207,birth
1822,0.0001385310248907517,106,apartment
1823,0.00013826111801145755,1111,meat
1824,0.0001382243504157416,1810,tho
1825,0.000138072140266884,78,alien
1826,0.0001372483575822826,1990,yell
1827,0.00013717903815253354,805,hah
1828,0.00013637923771390312,1843,translate
1829,0.0001362947863233946,1229,offense
1830,0.00013605684895868857,1610,shop
1831,0.0001356919464251867,733,fresh
1832,0.00013568079321022017,779,grab
1833,0.00013567980933964867,1440,ravenclaw
1834,0.00013564326002954427,983,joy
1835,0.0001355690058406121,1613,shoulder
1836,0.00013534910009676683,1764,survive
1837,0.00013530541223437465,1352,porn
1838,0.00013475301755157848,47,actively
1839,0.00013453898701491649,705,flat
1840,0.00013426659576057183,886,idealistic
1841,0.00013398411301641849,784,graphic
1842,0.0001338013807630543,1975,worried
1843,0.00013370690003875393,434,criticize
1844,0.00013305696500401083,61,advantage
1845,0.00013279763727814322,1597,shame
1846,0.0001327478737711879,1962,wisdom
1847,0.00013244685753340126,1480,release
1848,0.00013235959669844724,783,grant
1849,0.0001322681435594324,1503,responsible
1850,0.00013219150991132964,1689,spider
1851,0.00013061500000016645,22,:o
1852,0.00013040183961645808,838,hero
1853,0.00012975206051015555,1261,pack
1854,0.00012957983461809932,1650,slytherin
1855,0.00012938130684225072,818,harm
1856,0.0001292984174564259,1898,username
1857,0.00012913830440228647,1760,surface
1858,0.00012889431512707586,1694,spring
1859,0.00012889261239880682,1327,plain
1860,0.0001284578655625895,986,judging
1861,0.0001283233039200232,1878,unable
1862,0.00012800377199470226,211,bite
1863,0.0001279028307235775,1127,messy
1864,0.00012759397248531044,1570,seemingly
1865,0.00012729456466590395,1272,paranoid
1866,0.00012689969999725765,1169,musical
1867,0.000126894605264959,1200,ninja
1868,0.00012681867449394123,662,famous
1869,0.00012579517319332323,1539,sadly
1870,0.00012575847306477424,553,ear
1871,0.00012574197713904222,606,evening
1872,0.00012556086988238722,1302,persona
1873,0.00012546678245005754,594,epic
1874,0.00012518597552915698,14,6w7
1875,0.0001251709807712975,787,greatly
1876,0.0001250120704624981,975,jerk
1877,0.00012492069972040555,291,chaos
1878,0.00012476761890406785,1844,trap
1879,0.00012399374839681298,421,crash
1880,0.00012256231853075795,456,dare
1881,0.00012245043563112814,497,diagnose
1882,0.00012228959313484566,1510,rid
1883,0.00012162816619551321,702,fish
1884,0.00012128739606594882,374,confess
1885,0.00012127051802609382,567,egg
1886,0.00012125136373263346,266,cafe
1887,0.00012120991482752229,49,actor
1888,0.0001209336889509118,1779,tbh
1889,0.00012086380144059302,292,chaotic
1890,0.00012065389055977055,969,ish
1891,0.00012029721892098631,195,belong
1892,0.00011939844875616891,1792,temperament
1893,0.00011874319162844052,1343,polite
1894,0.00011866876305962437,1646,slight
1895,0.00011862714858549471,180,battle
1896,0.00011848097842415085,1368,pre
1897,0.0001184468737873868,1600,sharing
1898,0.0001182630697497564,1862,tune
1899,0.00011783286484819963,1889,unusual
1900,0.00011642761985141152,533,drag
1901,0.0001162858284269443,1797,tertiary
1902,0.00011524987427842576,1677,south
1903,0.0001147492718911704,963,invite
1904,0.0001139361353275858,1085,manifest
1905,0.00011364873737230016,845,hint
1906,0.00011322557711153086,1743,sudden
1907,0.0001126607982679986,590,entertain
1908,0.0001121757914666057,1680,spanish
1909,0.00011156458759329656,985,judgement
1910,0.00011085668437512384,1493,request
1911,0.00011052374680247778,990,justify
1912,0.0001099885777284902,1164,mr.
1913,0.00010982144623842211,1901,vague
1914,0.00010931067073432862,931,inspiration
1915,0.00010926713540961639,1170,mutual
1916,0.00010862894143829992,1287,patient
1917,0.00010800885611213533,249,brown
1918,0.00010762151297122957,4,1w9
1919,0.00010749445403767639,982,journey
1920,0.0001071643352251719,181,beach
1921,0.00010677692702188262,1515,rip
1922,0.00010635761549088834,965,iphone
1923,0.00010564704986748982,1473,rejection
1924,0.00010523047654964608,270,cancer
1925,0.00010490099732539561,156,aw
1926,0.00010273681333807635,409,correctly
1927,0.00010188376862394886,891,ignorant
1928,0.00010114059120365813,449,cycle
1929,0.00010065353666551295,764,giant
1930,0.00010056019939895865,1942,web
1931,0.00010031722573368109,785,grasp
1932,9.997125115352877e-05,346,comedy
1933,9.953410496154716e-05,1951,wide
1934,9.886422758342682e-05,1875,ultimate
1935,9.861604043053009e-05,1815,tie
1936,9.845632974740472e-05,802,gym
1937,9.794396404867695e-05,11,5w4
1938,9.765754273232534e-05,734,friday
1939,9.759230185614472e-05,429,credit
1940,9.713409568629454e-05,1428,rage
1941,9.665986383725768e-05,1876,ultimately
1942,9.658403089574416e-05,561,edge
1943,9.606699696617029e-05,1526,romantically
1944,9.596326776127271e-05,1207,nose
1945,9.572870186244863e-05,910,incredible
1946,9.572771385417866e-05,796,guilt
1947,9.553277160550045e-05,1596,shallow
1948,9.5195221873711e-05,1158,motivate
1949,9.516296365690458e-05,1435,rap
1950,9.484119009242315e-05,793,growth
1951,9.458701082180319e-05,603,establish
1952,9.44368591151865e-05,1642,skin
1953,9.38603639522245e-05,441,cup
1954,9.341605672884353e-05,1212,nowadays
1955,9.286306879982405e-05,1233,official
1956,9.247426355182595e-05,709,floor
1957,9.152862097093637e-05,774,goodness
1958,9.052806208986364e-05,388,conservative
1959,9.032113544798287e-05,1707,stem
1960,9.021361379770325e-05,738,frustrate
1961,9.019037044332082e-05,1137,minor
1962,8.79199670552486e-05,236,boundary
1963,8.76698308733825e-05,781,graduate
1964,8.755749059357888e-05,404,cope
1965,8.730560476767513e-05,1330,plant
1966,8.692608444834503e-05,1155,morality
1967,8.6331040755733e-05,759,gentle
1968,8.628287302635089e-05,763,ghost
1969,8.572019475258297e-05,1750,sum
1970,8.568194451786363e-05,580,encourage
1971,8.556711497755958e-05,224,boat
1972,8.455434244467614e-05,1748,suicide
1973,8.44840237528906e-05,1027,liberal
1974,8.442603550640249e-05,55,adhd
1975,8.410726628639922e-05,1914,villain
1976,8.321043462413002e-05,1465,reflect
1977,8.256014563018988e-05,263,butt
1978,8.198257321841288e-05,1470,regular
1979,8.195421806825057e-05,202,bible
1980,8.166101270354497e-05,1574,semester
1981,8.127811934826527e-05,756,generation
1982,7.96592193620835e-05,19,9w8
1983,7.937115463024972e-05,1852,tritype
1984,7.895920321176268e-05,1176,narrow
1985,7.790090892054195e-05,1892,ur
1986,7.765934508444729e-05,1005,land
1987,7.753980307384965e-05,302,cheese
1988,7.557152843236163e-05,213,blah
1989,7.538930128942969e-05,1210,notion
1990,7.517216846605185e-05,308,chinese
1991,7.485247254427073e-05,1133,military
1992,7.410702869181624e-05,828,heaven
1993,6.87407639008772e-05,582,enemy
1994,6.871090335467742e-05,25,=)
1995,6.469882065307239e-05,1907,verbal
1996,5.4207562882381525e-05,909,increase
1997,5.4021065303264325e-05,848,hitler
1998,4.826316310800589e-05,136,astrology
1999,4.03438723421623e-05,1778,tattoo
